Text,Date,Compound,Positive,Negative,Neutral,Tweets Ago
RT @bbcarts: Tsundoku: The art of buying books and never reading them https://t.co/nzmym0Gtsh,Sun Jul 29 20:26:13 +0000 2018,0.0,0.0,1.0,0.0,1
Stacey Dooley meets a Roma girl who turned to prostitution after she was removed from her parents at 13. https://t.co/I7opQRZ6Z2,Sun Jul 29 20:03:05 +0000 2018,0.0,0.0,1.0,0.0,2
"üá∫üá∏ @edballs travels to America's Deep South to immerse himself in the lives of those who put Trump in power, and le‚Ä¶ https://t.co/2oLWounf1y",Sun Jul 29 19:02:05 +0000 2018,0.422,0.109,0.891,0.0,3
"RT @BBCSport: Geraint Thomas has done it! üëèüè¥Û†ÅßÛ†Å¢Û†Å∑Û†Å¨Û†Å≥Û†Åø

He's become the first ever Welshman to win the Tour de France üëâ https://t.co/ZtkRdPtGio‚Ä¶",Sun Jul 29 17:29:30 +0000 2018,0.624,0.146,0.854,0.0,4
üòÇ A Scottish three year old's take on the summer holidays. https://t.co/SaCbnnlnUm,Sun Jul 29 17:03:03 +0000 2018,0.67,0.315,0.591,0.094,5
"üòÄ‚ô•Ô∏è Four-year-old Daniel and 91-year-old Stuart, who has dementia, have struck up an unlikely friendship. https://t.co/DVpVhIssTc",Sun Jul 29 16:06:01 +0000 2018,0.226,0.153,0.741,0.106,6
üòÇüì∫üá¶üá± Here‚Äôs what happened when @RomeshRanga went on Albanian TV. https://t.co/WQ8kMjSFco,Sun Jul 29 15:03:02 +0000 2018,0.0,0.0,1.0,0.0,7
Follow live coverage as 150 of the world's best cyclists compete on 200km of closed roads in London and Surrey. üö¥üö¥üö¥‚Ä¶ https://t.co/it0KrVzqqu,Sun Jul 29 14:01:05 +0000 2018,0.637,0.167,0.833,0.0,8
"RT @BBCSportWales: It's a matter of hours until Geraint Thomas is crowned as the first Welshman to win the Tour de France

üëâ Here's how he‚Ä¶",Sun Jul 29 13:20:07 +0000 2018,0.599,0.159,0.841,0.0,9
"RT @bbcgetinspired: Sam Maycock is fulfilling his dad Nigel's dream by taking on the 100-mile route in #RideLondon.

Nigel died in October‚Ä¶",Sun Jul 29 13:18:07 +0000 2018,-0.382,0.078,0.781,0.141,10
This teenager was banned from performing in drag at his school's end-of-year talent show. https://t.co/Hi6uXtSAFz,Sun Jul 29 13:01:07 +0000 2018,-0.273,0.142,0.609,0.249,11
"RT @BBCFood: Get the whole family making jaffa cakes this weekend üëá
https://t.co/8R0azXouDH https://t.co/xEC8aeQGs0",Sun Jul 29 11:21:30 +0000 2018,0.0,0.0,1.0,0.0,12
"What is #ThinPrivilege and who has it?
üëâ https://t.co/Ocbj6tAabk https://t.co/HMapWPvJt1",Sun Jul 29 11:01:05 +0000 2018,0.0,0.0,1.0,0.0,13
"Researchers have found evidence of an existing body of liquid water on Mars.
üëâ https://t.co/cmykUjdfxy https://t.co/d4FhfFj5Sr",Sun Jul 29 10:12:02 +0000 2018,0.0,0.0,1.0,0.0,14
"üòÇ With 37 Facebook likes and the world's most convoluted chant, the CNCSC is a force to be reckoned with.‚Ä¶ https://t.co/7wQhKjH26j",Sun Jul 29 09:03:08 +0000 2018,0.691,0.224,0.712,0.064,15
"üò• An endangered red squirrel has died after becoming trapped inside a discarded plastic jar.
üëâ‚Ä¶ https://t.co/19IZCDeWBZ",Sun Jul 29 08:01:07 +0000 2018,-0.905,0.106,0.437,0.457,16
"Two tiger brothers enjoy their first swimming lesson. üêØüí¶ #InternationalTigerDay

https://t.co/QNRnmqTcK5",Sun Jul 29 07:01:03 +0000 2018,0.494,0.242,0.758,0.0,17
"Stand-up comedy from Stewart Lee, recorded live from the Palace Theatre, Southend-on-Sea. 

Stewart Lee Content Pro‚Ä¶ https://t.co/VCNnbkhi7J",Sat Jul 28 20:45:06 +0000 2018,0.361,0.135,0.865,0.0,18
"RT @BBCOne: These seadragons are dancing together in a courtship ritual - and it's absolutely beautiful.

The complete series of Life is av‚Ä¶",Sat Jul 28 20:29:40 +0000 2018,0.636,0.173,0.827,0.0,19
The shocking story of a young man who shot his parents. https://t.co/6O1qzsiKAk,Sat Jul 28 20:02:03 +0000 2018,-0.402,0.0,0.787,0.213,20
When your boss is looking for you but it's after 5pm... üëã #FridayFeeling https://t.co/J3NZSVi7jj,Fri Jul 27 15:59:00 +0000 2018,0.649,0.235,0.765,0.0,21
"üëÄ Who's excited to see the #BloodMoon tonight? 
#LunarEclipse https://t.co/jhx3zLDOTS",Fri Jul 27 15:16:01 +0000 2018,0.34,0.211,0.789,0.0,22
"üëÉüíê How teenage perfumes smell to you - an actual adult.
üëâ https://t.co/PCRmoujpVJ https://t.co/P0tmdqfbUC",Fri Jul 27 13:01:03 +0000 2018,0.0,0.0,1.0,0.0,23
"RT @BBCEarth: Just a seal getting a good tummy-rub from a diver, no biggie üòç

#OurBluePlanet with @Sealdiver https://t.co/L8yAINvPdJ",Fri Jul 27 12:50:53 +0000 2018,0.572,0.245,0.664,0.091,24
üò≥ This man wants people to stop pretending to have sex with his hedge. https://t.co/VbuY1xtbQ1,Fri Jul 27 12:24:44 +0000 2018,-0.202,0.08,0.795,0.125,25
RT @BBCClick: The @BBCProms projection show at the Royal Albert Hall had lights so strong that planes were told not to fly over it! https:/‚Ä¶,Fri Jul 27 12:14:56 +0000 2018,0.674,0.159,0.841,0.0,26
‚õ∑üê∂ This is one way to keep dogs cool in the heat! https://t.co/ObXmR8febC,Fri Jul 27 12:00:18 +0000 2018,0.38,0.178,0.822,0.0,27
"üî¨ From 'the God particle' to our ability to observe gravitational waves, here are 7 extraordinary things science ha‚Ä¶ https://t.co/j4tgSCx3vl",Fri Jul 27 11:02:04 +0000 2018,0.527,0.206,0.794,0.0,28
"üëÄüåù Skywatchers will be treated to the longest ""blood moon"" eclipse of the century tonight, with the totality period‚Ä¶ https://t.co/w1Eoi6fA9R",Fri Jul 27 09:51:01 +0000 2018,0.0,0.0,1.0,0.0,29
RT @bbccomedy: British or American Stand-up? ü§îüá¨üáßüá∫üá∏ https://t.co/HBxD8YmCSZ,Fri Jul 27 09:38:09 +0000 2018,0.0,0.0,1.0,0.0,30
üòÇ A Scottish three year old's take on the summer holidays. https://t.co/SaCbnnlnUm,Fri Jul 27 08:00:16 +0000 2018,0.67,0.315,0.591,0.094,31
‚ù§Ô∏èüìù A teenager who attached uplifting messages to a bridge to help people facing a mental health crisis has helped‚Ä¶ https://t.co/gGO3mXQkkd,Fri Jul 27 07:26:02 +0000 2018,-0.34,0.118,0.702,0.18,32
üíî @BoyGeorge discovers that in 1919 his grandmother was found wandering the streets alone as a 6 year old child.‚Ä¶ https://t.co/CmyXz2oGYr,Fri Jul 27 07:01:03 +0000 2018,-0.625,0.0,0.779,0.221,33
"After being abused on dating apps for having HIV, Joe has turned to art to help combat the stigma. 
(via @BBCThree) https://t.co/b6mar28jBl",Thu Jul 26 19:02:05 +0000 2018,-0.459,0.099,0.693,0.208,34
"Tonight, a team of inventors attempt to change the lives of three inspiring people with very different problems. üí°‚Ä¶ https://t.co/L7yN0qkCNz",Thu Jul 26 18:02:07 +0000 2018,-0.046,0.123,0.746,0.131,35
A dog called Minnie has been reunited with her owners two years after thieves stole a truck she was sleeping in. üê∂‚Ä¶ https://t.co/CzeVkauFSx,Thu Jul 26 17:01:06 +0000 2018,-0.511,0.0,0.858,0.142,36
"RT @bbcpress: Late for the first game of @BBCMOTD, missed the first dance on #Strictly or tuned in halfway through #EastEnders? Pushing the‚Ä¶",Thu Jul 26 16:11:16 +0000 2018,-0.296,0.0,0.909,0.091,37
"üòÄ‚ô•Ô∏è Four-year-old Daniel and 91-year-old Stuart, who has dementia, have struck up an unlikely friendship.  https://t.co/DVpVhIssTc",Thu Jul 26 16:02:03 +0000 2018,0.226,0.153,0.741,0.106,38
RT @bbcweather: It is officially the hottest day of the year so far in the UK with temperatures soaring to 35C in west London. https://t.co‚Ä¶,Thu Jul 26 15:40:44 +0000 2018,0.0,0.0,1.0,0.0,39
"""I would like to do it all over again. There was a war on but otherwise it was absolutely wonderful."" ‚ù§Ô∏èÔ∏è

Remember‚Ä¶ https://t.co/1cSKgxW5gF",Thu Jul 26 13:01:05 +0000 2018,-0.178,0.072,0.826,0.101,40
"RT @bbcgetinspired: He came within minutes of losing his life in a horrific accident - but eight years on, he is about to represent Norther‚Ä¶",Mon Jul 23 08:12:20 +0000 2018,-0.676,0.0,0.753,0.247,41
"Ntando Mahlangu walked for the first time at the age of ten. 

By the time he was 14, he had a silver medal from Ri‚Ä¶ https://t.co/JodVvKpqUw",Mon Jul 23 08:03:02 +0000 2018,0.477,0.114,0.886,0.0,42
"The UK government says air pollution is the fourth biggest threat to public health. ü§ßüí®

Here's what you can do to i‚Ä¶ https://t.co/SVbU4D7961",Mon Jul 23 07:32:03 +0000 2018,-0.527,0.0,0.866,0.134,43
"‚úàÔ∏èüéí This is what happens to your suitcase after you've checked-in at an airport... 

https://t.co/SZZKKm6ONf",Mon Jul 23 07:03:07 +0000 2018,0.0,0.0,1.0,0.0,44
‚ù§Ô∏è The catwalk show with a mission to prove everyone is beautiful. https://t.co/sGAR4YzNZT,Sun Jul 22 19:02:05 +0000 2018,0.599,0.245,0.755,0.0,45
"See some art
Dwell on your wrongs
Talk to strangers

Tackle the week ahead with a spot of elastic thinking. https://t.co/W3gtqBFnss",Sun Jul 22 18:05:05 +0000 2018,0.128,0.073,0.927,0.0,46
"RT @bbcmusic: Happy Birthday @SelenaGomez! üéÇüéâ

Which is your favourite SG single? (We are going old school Selena and vote 'Naturally' üí´) h‚Ä¶",Sun Jul 22 18:02:04 +0000 2018,0.611,0.154,0.846,0.0,47
RT @BBCCountryfile: What's your top tip for enjoying our countryside? Here's @EllieHarrison_ @AdamHenson @tomheapmedia and @SteveBrownGBWR‚Ä¶,Sun Jul 22 17:06:28 +0000 2018,0.637,0.271,0.729,0.0,48
RT @BBCNews: London Anniversary Games: Kare Adenegan &amp; Sophie Hahn set world records https://t.co/DW7CyMwS7r,Sun Jul 22 16:45:18 +0000 2018,0.0,0.0,1.0,0.0,49
"‚ù§Ô∏è The mother of a five-year-old boy who helped write his own obituary before he died of cancer says she is ""humble‚Ä¶ https://t.co/k1R3Tq8KX5",Sun Jul 22 16:04:04 +0000 2018,-0.84,0.0,0.724,0.276,50
"Keeping it low key üòâ

This man asked his partner to marry him with a GIANT beach mural. üèñ 
https://t.co/FrqoNA4HhG",Sun Jul 22 15:04:05 +0000 2018,-0.273,0.0,0.909,0.091,51
"üò≤üé® Some of the most stunning photos from the 21st World Bodypainting Festival in Austria.
üëâ https://t.co/2Z8On4ZuS3 https://t.co/YoAPvfk5cE",Sun Jul 22 14:08:06 +0000 2018,0.726,0.243,0.757,0.0,52
üêúüçû Would you eat bread baked with insects instead of flour? https://t.co/zXYGP4MZjk,Sun Jul 22 13:06:02 +0000 2018,0.0,0.0,1.0,0.0,53
"Positive reinforcement and indirect suggestions are a powerful way to influence our decision-making.

Here are eigh‚Ä¶ https://t.co/CyoIKBRDfs",Sun Jul 22 12:09:04 +0000 2018,0.751,0.314,0.686,0.0,54
"The teenage activist helping families find low-cost healthy food. 
(via@BBCThree) https://t.co/aM3Esv544f",Sun Jul 22 11:02:05 +0000 2018,0.599,0.353,0.647,0.0,55
üíï‚úçÔ∏è A story penned by a 10-year-old girl with autism has attracted praise from academics and others with the condit‚Ä¶ https://t.co/oFp5UI36Ex,Sun Jul 22 10:04:05 +0000 2018,0.751,0.274,0.726,0.0,56
RT @BBCNewsbeat: Say hello to @NicoleAMaines who will play TV's first ever transgender superhero. https://t.co/QIIPLjRZBo https://t.co/FhUr‚Ä¶,Sun Jul 22 08:19:58 +0000 2018,0.34,0.138,0.862,0.0,57
"üçû Prehistoric bake-off: Scientists have discovered the earliest known evidence of bread-making, from a 14,000-year-‚Ä¶ https://t.co/rt2YVZY1zW",Sun Jul 22 08:03:01 +0000 2018,0.0,0.0,1.0,0.0,58
"Do you have a reusable water bottle?
#PlasticsAction https://t.co/XTlzV0IEGB",Sun Jul 22 07:03:00 +0000 2018,0.0,0.0,1.0,0.0,59
"üé¨üçø A business trip leads to a chance encounter...

Pretty Woman | 10:20pm | @BBCOne | https://t.co/vCrrzh7bN7 https://t.co/KS0CZCwcDx",Sat Jul 21 20:21:08 +0000 2018,0.637,0.321,0.679,0.0,60
A US company owner gave a new employee a car after he went the extra 20 miles and walked all night to make his firs‚Ä¶ https://t.co/kHTdIvC7Yz,Wed Jul 18 17:02:01 +0000 2018,0.0,0.0,1.0,0.0,61
This Nigerian entrepreneur is turning old tyres into furniture. https://t.co/MO11yPi5NJ,Wed Jul 18 16:00:26 +0000 2018,0.0,0.0,1.0,0.0,62
"RT @BBCSpringwatch: Robin making the most of a small garden pond, an adorable reminder to leave out water for our wildlife üòç #WednesdayWisd‚Ä¶",Wed Jul 18 14:37:12 +0000 2018,0.718,0.211,0.748,0.041,63
"üé©üìö Jane Austen died 201 years ago today but continues to inspire new generations, like period tailor @ZackPinsent. https://t.co/jE8XKA0oPT",Wed Jul 18 14:00:12 +0000 2018,0.791,0.312,0.602,0.086,64
A plasterer who scooped ¬£1m on the Lottery after claiming his ticket at the last minute has thanked a shopper who l‚Ä¶ https://t.co/rhzxi3lQRG,Wed Jul 18 13:03:04 +0000 2018,0.44,0.127,0.873,0.0,65
üíÅüí° Chloe has woken up the fashion world with her brilliant idea for a wheelchair friendly jumpsuit. https://t.co/ddYHnVQlSD,Wed Jul 18 12:03:02 +0000 2018,0.791,0.318,0.682,0.0,66
"The Thai cave rescue story and four other seriously heroic tales.

Turns out people are braver in real life than th‚Ä¶ https://t.co/utyRb39MKd",Wed Jul 18 11:00:16 +0000 2018,0.862,0.343,0.6,0.057,67
"What‚Äôs your favourite Nelson Mandela quote?
#Mandela100 #MandelaDay https://t.co/Zlgxy5m9OP",Wed Jul 18 09:19:41 +0000 2018,0.0,0.0,1.0,0.0,68
"ü•Ñ For some people, passing through airport security can be a life-changing moment. https://t.co/4YbqwzP0Nz",Wed Jul 18 08:00:19 +0000 2018,0.34,0.167,0.833,0.0,69
Sex differences in dementia are only just being recognised ‚Äì but the consequences could change the way we fight the‚Ä¶ https://t.co/VLzXCxQqnw,Wed Jul 18 07:26:04 +0000 2018,-0.527,0.0,0.848,0.152,70
üì±üëÄ The smartphone app helping African pupils see. https://t.co/jAtFKURZgC,Wed Jul 18 07:01:06 +0000 2018,0.296,0.216,0.784,0.0,71
"üé¨üé•üçø @KermodeMovie reveals the film-making tricks and techniques behind classic movie genres, from romcoms to horror‚Ä¶ https://t.co/gWdjEv0bU4",Tue Jul 17 19:03:04 +0000 2018,-0.128,0.0,0.914,0.086,72
"Tonight, @GreggAWallace and @cherryhealey visit an enormous coffee factory where they produce 175,000 jars of insta‚Ä¶ https://t.co/BL2Wl3nRDv",Tue Jul 17 18:03:06 +0000 2018,0.0,0.0,1.0,0.0,73
It's time to flip the script on dyslexia. https://t.co/fUh6PnoMgK,Tue Jul 17 17:58:03 +0000 2018,0.0,0.0,1.0,0.0,74
"ü§¢ Each week, the equivalent of 300 Olympic swimming pools full of raw sewage is released into the Thames.

The Five‚Ä¶ https://t.co/PIi5TgaMkR",Tue Jul 17 16:01:00 +0000 2018,0.0,0.0,1.0,0.0,75
RT @BBCEngland: The annual census of the Queen's swans is the most English thing you'll see today üëë https://t.co/gTWR559oqf https://t.co/hp‚Ä¶,Tue Jul 17 14:46:49 +0000 2018,0.0,0.0,1.0,0.0,76
"üòÇ Choosing the right emoji can be risky. 
#WorldEmojiDay https://t.co/3fM8zM5be0",Tue Jul 17 14:04:00 +0000 2018,0.273,0.205,0.595,0.2,77
A Bakewell pudding that went missing after being launched towards space has been found in a farm in Lincolnshire. üöÄ‚Ä¶ https://t.co/EIemUp9mPd,Tue Jul 17 13:03:05 +0000 2018,-0.178,0.072,0.821,0.106,78
"üêØ Meet the Russian man who rescues tigers for a living.  
#RussiaWithSimonReeve https://t.co/ZRRYsEItvG",Tue Jul 17 11:57:05 +0000 2018,0.318,0.161,0.839,0.0,79
A passenger on board the tourist boat pelted with lava in Hawaii describes what happened. https://t.co/zhjfAkVR3L,Tue Jul 17 11:00:21 +0000 2018,0.0,0.0,1.0,0.0,80
"Why are more parents around the world choosing to raise only children?

https://t.co/bWil43TvES",Thu Jul 12 12:04:04 +0000 2018,0.0,0.0,1.0,0.0,81
"RT @BBCFOUR: Dr Lucy Worsley shows how Britain's new ruling family fought the French, the Jacobites and each other, all at the same time. T‚Ä¶",Thu Jul 12 11:43:48 +0000 2018,-0.318,0.0,0.913,0.087,82
Meet the people getting the @bbcproms off to a spectacular start. üòçüé∂üéª https://t.co/rD5I0XXrLz https://t.co/5im1Tokqsr,Thu Jul 12 11:02:03 +0000 2018,0.0,0.0,1.0,0.0,83
"‚ôªÔ∏èü•õMeet the schoolchildren who redesigned their milk cartons without plastic straws. 

Their school now uses fully‚Ä¶ https://t.co/hK4M1UtcHk",Thu Jul 12 10:30:00 +0000 2018,0.0,0.0,1.0,0.0,84
"Adam can't hide the fact that he has a stutter, and he doesn't want to anymore.

https://t.co/JVzJkk828L",Thu Jul 12 08:03:03 +0000 2018,-0.179,0.086,0.733,0.182,85
"Native wildlife is ""flocking back"" to the Outer Hebrides following a 17-year project to eradicate the American mink‚Ä¶ https://t.co/QbGQddmWyW",Thu Jul 12 07:31:08 +0000 2018,0.0,0.0,1.0,0.0,86
"Walrus siestas can last a week! üí§ These incredible creatures know how to nap... 

https://t.co/qZRpNBkpuc",Thu Jul 12 07:03:04 +0000 2018,-0.36,0.0,0.839,0.161,87
"It‚Äôs not coming home. üíî

But it's been an incredible journey. ‚ô•Ô∏è

https://t.co/TrqeqzfTUq  #ENG #WorldCup‚Ä¶ https://t.co/nCoN5lDJys",Wed Jul 11 20:39:03 +0000 2018,0.197,0.095,0.905,0.0,88
"RT @BBCSport: GOAL

Mario Mandzukic drills Croatia in front.

#CRO 2-1 #ENG 

LIVE:
üì± https://t.co/C5GtYW7jpj 
üìª @5liveSport 

#ENGCRO #Wor‚Ä¶",Wed Jul 11 20:23:23 +0000 2018,0.0,0.0,1.0,0.0,89
"RT @BBCSport: Extra-time it is... and we're underway...

How are your nerves?

#CRO 1-1 #ENG 

LIVE:
üì± https://t.co/C5GtYW7jpj 
üìª @5liveSpo‚Ä¶",Wed Jul 11 20:03:46 +0000 2018,-0.103,0.0,0.935,0.065,90
"Full time: #CRO 1-1 #ENG 

Who's ready for another 30 minutes?

Follow it live: 
üì± https://t.co/TrqeqzfTUq  
üìª‚Ä¶ https://t.co/CuPZrrxFEW",Wed Jul 11 19:52:13 +0000 2018,0.361,0.122,0.878,0.0,91
RT @BBCBreakfast: No fingernails left... https://t.co/E4oE20owSY,Wed Jul 11 19:49:56 +0000 2018,-0.296,0.0,0.694,0.306,92
"RT @BBCSport: GOAL 

#CRO 1-1 #ENG 

Ivan Perisic meets a cross to flick Croatia level.

LIVE:
üì± https://t.co/C5GtYW7jpj 
üìª @5liveSport htt‚Ä¶",Wed Jul 11 19:27:11 +0000 2018,0.0,0.0,1.0,0.0,93
"It doesn't matter where you're watching, as long as you're watching. ‚öΩÔ∏è‚öΩÔ∏è‚öΩÔ∏è

Millions of #ENG fans are watching‚Ä¶ https://t.co/geST9JHDr4",Wed Jul 11 19:20:29 +0000 2018,-0.019,0.0,0.944,0.056,94
"RT @5liveSport: Only three men have ever scored for #ENG in a semi-final of a #WorldCup

‚öΩ Sir Bobby Charlton
‚öΩ @GaryLineker
‚öΩ Kieran Tripp‚Ä¶",Wed Jul 11 19:16:46 +0000 2018,0.0,0.0,1.0,0.0,95
"RT @BBCOne: We‚Äôre pretty sure that exactly 53% of the population is covered in beer right now ü§îü§ó #ENGCRO #WorldCup

https://t.co/l5UTbo9n7x",Wed Jul 11 19:02:33 +0000 2018,0.67,0.224,0.776,0.0,96
A gripping reimagining of Joan Lindsay's iconic novel that delves into the mysterious disappearances of three schoo‚Ä¶ https://t.co/d4nPoQXIYJ,Wed Jul 11 19:02:02 +0000 2018,0.318,0.126,0.874,0.0,97
"Half time in Moscow. 

#CRO 0-1 #ENG
Ôøº
Follow:

üì± https://t.co/5KN3TtJ2Zz  
üìª @5livesport

#ENGCRO #WorldCup https://t.co/TVSyyaX8dl",Wed Jul 11 18:50:03 +0000 2018,0.0,0.0,1.0,0.0,98
"RT @BBCSport: GOAL!

What a start! What a goal!

Kieran Trippier whips a free-kick right in! 

#CRO 0-1 #ENG 

LIVE: 
üì± https://t.co/C5GtYW‚Ä¶",Wed Jul 11 18:06:07 +0000 2018,0.0,0.0,1.0,0.0,99
"It's time. ‚öΩÔ∏è

#ENGCRO #worldcup #bbcworldcup https://t.co/A0zRUx5CVK",Wed Jul 11 18:00:11 +0000 2018,0.0,0.0,1.0,0.0,100
"Housewives. PTA moms. School volunteers. Starting TONIGHT, hear the stories of seemingly innocent women who put it‚Ä¶ https://t.co/5TA15OiTuh",Sat Jul 28 16:43:56 +0000 2018,0.34,0.124,0.876,0.0,1
"This is one allowance that can‚Äôt be beat! Kids are winning big this week on @PriceIsRight. üéâ
 https://t.co/lncKu9XvNo",Wed Jul 25 17:25:36 +0000 2018,0.75,0.273,0.727,0.0,2
"Renowned artists Cher, Philip Glass, Reba McEntire, Wayne Shorter, and the co-creators of #Hamilton will be recogni‚Ä¶ https://t.co/PEjjI9MKE1",Wed Jul 25 15:12:31 +0000 2018,0.0,0.0,1.0,0.0,3
Who's excited for the return of @MurphyBrownCBS? Here's a behind-the-scenes look at the first table read of the sea‚Ä¶ https://t.co/1B5S4WJnCW,Wed Jul 25 01:05:03 +0000 2018,0.34,0.118,0.882,0.0,4
"Mark your calendars because you won‚Äôt want to miss this! Former Secretaries of State @HillaryClinton, @Madeleine, a‚Ä¶ https://t.co/JKDPp97OqN",Tue Jul 24 18:54:14 +0000 2018,-0.151,0.068,0.834,0.099,5
The cast couldn‚Äôt be more excited to welcome @ansonmount into the @startrekcbs family! Who‚Äôs ready to see the iconi‚Ä¶ https://t.co/fOS4f4VCb2,Mon Jul 23 21:30:33 +0000 2018,0.829,0.34,0.66,0.0,6
RT @startrekcbs: Stream the full panel &amp; learn all the exclusive details revealed about season 2 of #StarTrekDiscovery at @Comic_Con: https‚Ä¶,Sun Jul 22 01:56:13 +0000 2018,0.128,0.073,0.927,0.0,7
RT @MagnumPICBS: Couldn't make it to San Diego for the #MagnumPI panel? Here's everything you missed at #SDCC2018: https://t.co/Z7IBqF1YJ8‚Ä¶,Sat Jul 21 00:55:28 +0000 2018,-0.296,0.0,0.891,0.109,8
RT @bigbangtheory: The #BigBangTheory writers teased a honeymoon episode and more @YoungSheldon characters in Season 12 while speaking at #‚Ä¶,Sat Jul 21 00:19:12 +0000 2018,-0.296,0.0,0.891,0.109,9
"RT @TrueCrimeCBS: When you find out you‚Äôve been treated with chemo, but you don‚Äôt have cancer. #Whistleblower https://t.co/DAKwu1vcNX",Sat Jul 21 00:10:00 +0000 2018,-0.796,0.0,0.736,0.264,10
George blew the whistle on a doctor targeting those who believed they had cancer. What was the outcome? Find out to‚Ä¶ https://t.co/rLlNzlK3Cy,Fri Jul 20 23:44:54 +0000 2018,-0.66,0.0,0.82,0.18,11
"RT @startrekcbs: Discover the next adventure of Starfleet in this first look at the season 2 premiere, coming early 2019. Season 1 is now s‚Ä¶",Fri Jul 20 22:29:36 +0000 2018,0.318,0.095,0.905,0.0,12
Take a trip down memory lane with the cast and crew of @MagnumPICBS at #SDCC2018! https://t.co/jHVxm7kyaT,Fri Jul 20 21:39:09 +0000 2018,0.0,0.0,1.0,0.0,13
"This @cbsallaccess series is unlike any fairy tale you've ever seen before. @paulwesley, @kevwilliamson &amp;‚Ä¶ https://t.co/icsSnPxKAr",Fri Jul 20 15:08:23 +0000 2018,0.0,0.0,1.0,0.0,14
ü§∞üë©‚Äçüëßüö´üç∏ #WorldEmojiDay,Tue Jul 17 17:55:25 +0000 2018,0.0,0.0,1.0,0.0,15
üë®üìù‚úîÔ∏è¬†#WorldEmojiDay,Tue Jul 17 17:22:29 +0000 2018,0.0,0.0,1.0,0.0,16
üë©‚Äçüíºüíºüá∫üá∏¬†#WorldEmojiDay,Tue Jul 17 17:22:29 +0000 2018,0.0,0.0,1.0,0.0,17
üïµÔ∏èüïµÔ∏è‚Äç‚ôÄÔ∏è¬†#WorldEmojiDay,Tue Jul 17 17:22:29 +0000 2018,0.0,0.0,1.0,0.0,18
‚öìÔ∏èü¶Öüá∫üá∏¬†#WorldEmojiDay,Tue Jul 17 17:22:29 +0000 2018,0.0,0.0,1.0,0.0,19
üèÑüå¥üöî¬†#WorldEmojiDay,Tue Jul 17 17:22:29 +0000 2018,0.0,0.0,1.0,0.0,20
"RT @TKOCBS: The Ball Buster, the Frisboom, the Spike Launcher, and the Slammer‚Ä¶ Get to know all of the #TKO Battle Stations: https://t.co/2‚Ä¶",Mon Jul 09 18:53:34 +0000 2018,-0.382,0.0,0.894,0.106,21
"RT @cbsallaccess: How much does it cost to bury the truth? #OneDollar premieres August 30, exclusively on CBS All Access. https://t.co/2HdY‚Ä¶",Mon Jul 09 18:09:00 +0000 2018,0.318,0.103,0.897,0.0,22
"RT @SalvationCBS: Mark your calendars, #Salvies: Monday's new #SalvationCBS will air at a special time, 10/9c. https://t.co/RUh1J7cfj8",Fri Jul 06 22:22:55 +0000 2018,0.402,0.153,0.847,0.0,23
Happy #InternationalKissingDay! See which stars we caught locking lips on the CBS Kiss Cam. üòò https://t.co/oMPCHZlgCl,Fri Jul 06 18:26:37 +0000 2018,0.862,0.39,0.61,0.0,24
Have you heard? Tonight's the first Live Show of #BB20. Grab a seat and get ready to watch the action unfold on CBS‚Ä¶ https://t.co/0YgRV1HLGd,Thu Jul 05 21:12:17 +0000 2018,0.361,0.102,0.898,0.0,25
"How much does it cost to bury the truth? #OneDollar premieres Thursday, August 30, exclusively on CBS All Access.‚Ä¶ https://t.co/1tab8eCaFz",Mon Jul 02 21:13:11 +0000 2018,0.318,0.108,0.892,0.0,26
Take a first look at our @Comic_Con lineup along with details of what you can expect to see:‚Ä¶ https://t.co/JqBtlKcwq3,Mon Jul 02 20:47:32 +0000 2018,0.0,0.0,1.0,0.0,27
RT @TrueCrimeCBS: Two new true-crime series are set to premiere this July on CBS! Learn more about #Whistleblower and #PinkCollarCrimes bef‚Ä¶,Mon Jul 02 17:27:06 +0000 2018,0.0,0.0,1.0,0.0,28
"If at first you don‚Äôt succeed on @PriceIsRight‚Ä¶bid, bid again! https://t.co/OWBaOsFZ3i",Mon Jul 02 17:00:02 +0000 2018,0.541,0.259,0.741,0.0,29
What‚Äôs summer without @CBSBigBrother? ‚òÄÔ∏è RT if you‚Äôre counting down the hours to the #BB20 premiere TONIGHT at 8/7c‚Ä¶ https://t.co/Xp1s4Fp5J8,Wed Jun 27 20:31:32 +0000 2018,0.0,0.0,1.0,0.0,30
"It looks like you...

(‚Ä¢_‚Ä¢)
( ‚Ä¢_‚Ä¢)&gt;‚åê‚ñ†-‚ñ†
(‚åê‚ñ†_‚ñ†)

Have a lot of TV to watch!

Celebrate #NationalSunglassesDay with H‚Ä¶ https://t.co/Babt4ajIgV",Wed Jun 27 14:00:01 +0000 2018,0.757,0.289,0.711,0.0,31
The world will finally know the truth. ‚òÑÔ∏è Make sure to tune in to the heart-pounding Season 2 premiere of‚Ä¶ https://t.co/mqMleW90DY,Mon Jun 25 18:20:25 +0000 2018,0.557,0.204,0.796,0.0,32
Tonight's the night! Don't miss model @ashleygraham on the season finale of Celebrity @undercover_cbs at 8/7c. https://t.co/iBxAOcOF7a,Fri Jun 22 21:19:06 +0000 2018,0.187,0.098,0.902,0.0,33
"Every day is #TakeYourDogToWorkDay for shows like @HawaiiFive0CBS, @MomCBS, @SEALTeamCBS, and @bigbangtheory! https://t.co/DJaOt1VQcw",Fri Jun 22 18:33:53 +0000 2018,0.42,0.189,0.811,0.0,34
"Lights, camera, selfie! üì∏¬†Could there be a better photo for #NationalSelfieDay? https://t.co/14Ewx64yKC",Thu Jun 21 23:29:50 +0000 2018,0.493,0.197,0.803,0.0,35
There‚Äôs nothing quite like watching a contestant win a brand new car on @PriceIsRight. üëè  https://t.co/aKlFikYAMM,Wed Jun 20 00:39:01 +0000 2018,0.356,0.199,0.68,0.122,36
Time to make your predictions for #BB20! üëè Get to know the @CBSBigBrother Houseguests before the big premiere next‚Ä¶ https://t.co/jlpIchJ9sk,Mon Jun 18 20:27:50 +0000 2018,0.0,0.0,1.0,0.0,37
RT @CBSBigBrother: Meet the cast of #BB20... before anyone else! Start streaming all their live interviews beginning at 11am EST/8am PST on‚Ä¶,Mon Jun 18 15:00:46 +0000 2018,0.0,0.0,1.0,0.0,38
"Today and every day we celebrate their love, guidance, and support. Happy #FathersDay to every kind of dad! https://t.co/Wffax1khBH",Sun Jun 17 13:00:01 +0000 2018,0.939,0.493,0.507,0.0,39
"Casting Alert! @paulwesley, @DaniaJRamirez &amp; @JamesWolk are set to star in the upcoming CBS All Access psychologica‚Ä¶ https://t.co/JnZMrzT92n",Fri Jun 15 18:48:29 +0000 2018,0.36,0.128,0.872,0.0,40
Nathan Lane wins Best Featured Actor in a Play. #TonyAwards @angelsbway https://t.co/xc8M7JtLDE,Mon Jun 11 01:02:47 +0000 2018,0.883,0.563,0.437,0.0,41
üåü¬†@joshgroban and @SaraBareilles are Host Goals. üåü #TonyAwards https://t.co/OGQec8cXJ6,Mon Jun 11 00:58:06 +0000 2018,0.0,0.0,1.0,0.0,42
RT @adub369: This is unbelievable! @SaraBareilles and @joshgroban #TonyAwards,Mon Jun 11 00:52:34 +0000 2018,0.271,0.207,0.793,0.0,43
Who lives in a pineapple and just performed at The Tonys? üççüé∂ The cast of SpongeBob SquarePants: The Musical!‚Ä¶ https://t.co/mvFxdh9UJi,Mon Jun 11 00:51:11 +0000 2018,0.0,0.0,1.0,0.0,44
‚ú® @LindsayMendez wins Best Featured Actress in a Musical! #TonyAwards @carouselbway https://t.co/MtgFowscN5,Mon Jun 11 00:50:18 +0000 2018,0.888,0.567,0.433,0.0,45
A big congratulations to @springsteen for his Special Tony award! ‚ú®¬†#TonyAwards https://t.co/i16u8uv9aT,Mon Jun 11 00:45:14 +0000 2018,0.913,0.613,0.387,0.0,46
Can the 73rd annual #TonyAwards just be three-hours of @TitussBurgess? https://t.co/3rCZwwTUtv,Mon Jun 11 00:44:36 +0000 2018,0.0,0.0,1.0,0.0,47
"RT @CBSThisMorning: ""We know there are a lot of you out there who have photos of yourself in school plays or community theater."" Post your‚Ä¶",Mon Jun 11 00:35:41 +0000 2018,0.25,0.08,0.92,0.0,48
Keep your acceptance speeches short or else the #TonyAwards will get the angels involved. #AngelsInAmerica üëº https://t.co/oznhezRzDc,Mon Jun 11 00:34:45 +0000 2018,0.459,0.15,0.85,0.0,49
"If you haven't started singing, you will be the rest of the night. #TonyAwards #MyFairLady https://t.co/jbGXwnru8N",Mon Jun 11 00:31:28 +0000 2018,0.0,0.0,1.0,0.0,50
RT @marialena_rago: I like this opener for @MyFairLadyBway #TonyAwards,Mon Jun 11 00:27:42 +0000 2018,0.361,0.263,0.737,0.0,51
Laurie Metcalf wins Best Featured Actress in a Play! #TonyAwards @threetallwomen https://t.co/y4teyJaRPs,Mon Jun 11 00:27:00 +0000 2018,0.891,0.57,0.43,0.0,52
Tina Fey has a boat?? #MeanGirls #TonyAwards https://t.co/phYxmHMd3d,Mon Jun 11 00:24:31 +0000 2018,0.0,0.0,1.0,0.0,53
Representing the hardest-working men and women in Broadway‚Ä¶¬†ensemble members from every nominated musical tonight!‚Ä¶ https://t.co/imlEEnOUla,Mon Jun 11 00:22:15 +0000 2018,0.0,0.0,1.0,0.0,54
RT @misschae: I love theatre so much. #TonyAwards,Mon Jun 11 00:22:15 +0000 2018,0.637,0.412,0.588,0.0,55
On Wednesdays they wear pink and on Sundays they perform at the #TonyAwards. üíï Who thought that performance by the‚Ä¶ https://t.co/w7QDkaX6kF,Mon Jun 11 00:18:16 +0000 2018,0.0,0.0,1.0,0.0,56
"RT @MichaelJMoritz: ""We are all made perfectly and we all belong‚Äù - Andrew Garfield #TonyAwards",Mon Jun 11 00:13:27 +0000 2018,0.637,0.244,0.756,0.0,57
Andrew Garfield wins Best Leading Actor in a Play. #TonyAwards @angelsbway https://t.co/s2VQnw6IPP,Mon Jun 11 00:12:31 +0000 2018,0.883,0.563,0.437,0.0,58
"RT @nightingalen: Love this opening song! @joshgroban
@SaraBarreilles 
#TonyAwards",Mon Jun 11 00:06:39 +0000 2018,0.67,0.36,0.64,0.0,59
‚ú® @joshgroban and @SaraBareilles take the stage to begin an unforgettable evening. #TonyAwards https://t.co/y9uzlK2DzO,Mon Jun 11 00:04:15 +0000 2018,0.318,0.15,0.85,0.0,60
"Happy #MothersDay to the moms who comfort us, understand us, and keep us centered. We ‚ù§Ô∏è you. https://t.co/4YDmZrTGIC",Sun May 13 13:16:14 +0000 2018,0.735,0.267,0.733,0.0,61
The more the merrier! CBS has ordered five more shows that just might become your new favorites next season:‚Ä¶ https://t.co/2g5OSj2xPu,Fri May 11 23:00:40 +0000 2018,0.724,0.252,0.748,0.0,62
Thinking about the @BlueBloods_CBS season finale like‚Ä¶ Don‚Äôt miss the surprising reveal TONIGHT at 10/9c. https://t.co/8ExkPFpnFj,Fri May 11 20:55:08 +0000 2018,0.128,0.119,0.791,0.09,63
"Double the @MomCBS, double the fun! Anyone else feel like they hit the jackpot with the back-to-back Season Finale‚Ä¶ https://t.co/ebq8WJLKGf",Thu May 10 23:11:17 +0000 2018,0.726,0.253,0.747,0.0,64
"2 suitors, 1 Meemaw and 1 Sheldon. You won‚Äôt want to miss the season finale of @YoungSheldon tonight at 8:30/7:30c. https://t.co/Hht2yRE7ly",Thu May 10 19:24:10 +0000 2018,-0.077,0.069,0.847,0.085,65
Broadway's Biggest Night is around the corner! Who are you hoping to see? #TonyAwards2018 ‚ú® https://t.co/KLT8QCxWcK,Thu May 10 18:03:26 +0000 2018,0.659,0.278,0.722,0.0,66
"The big day is finally here, and you‚Äôre invited. üë∞ Make sure to tune in to the @bigbangtheory‚Äôs star-studded #ShAmy‚Ä¶ https://t.co/la9E6tvQ5b",Thu May 10 15:30:40 +0000 2018,0.318,0.095,0.905,0.0,67
"Before the #ShAmy wedding tomorrow, the @bigbangtheory stars &amp; special guests play a game of ""yay or nay"" with thes‚Ä¶ https://t.co/ZpCM16qOyT",Wed May 09 21:35:00 +0000 2018,0.818,0.333,0.667,0.0,68
Get ready for more laughs! Learn more about the two new comedies coming to CBS: https://t.co/cpT3fd2RH5 https://t.co/NGrcp803zW,Wed May 09 19:36:24 +0000 2018,0.84,0.391,0.609,0.0,69
"Goodbyes are never easy.  After 15 seasons, don‚Äôt miss Abby‚Äôs final episode of @NCIS_CBS tonight at 8/7c.  https://t.co/GTGj2YRJA1",Tue May 08 22:26:55 +0000 2018,-0.46,0.0,0.8,0.2,70
Will you be watching the @BullCBS Season 2 Finale tonight at 9/8c? RT if your answer is yes! https://t.co/OxnyEDVsKj,Tue May 08 19:55:32 +0000 2018,0.457,0.15,0.85,0.0,71
RT @thegoodfight: Listening to #QueenBaranski read fan tweets is like poetry. üòç Warning: this video will give you ALL the feels. ‚ò∫Ô∏è‚ù§Ô∏è #TheG‚Ä¶,Tue May 08 17:18:20 +0000 2018,0.66,0.242,0.683,0.075,72
"RT @KevinCanWaitCBS: Season 2 of #KevinCanWait comes to a close tonight, and @KevinJames and @LeahRemini have A LOT to say about it. https:‚Ä¶",Mon May 07 17:50:20 +0000 2018,0.0,0.0,1.0,0.0,73
Spend your Friday night with this dynamic duo! Tune in to the season finale of @MacGyverCBS at 8/7c on CBS and CBS‚Ä¶ https://t.co/AfWUVo4GSu,Fri May 04 21:00:00 +0000 2018,0.509,0.13,0.87,0.0,74
RT @undercover_cbs: Get ready for the series premiere of #CelebrityBoss in just seven days! How would you react if your favorite celebrity‚Ä¶,Fri May 04 18:42:12 +0000 2018,0.7,0.225,0.775,0.0,75
The force is strong on the set of @bigbangtheory! #MayThe4thBeWithYou https://t.co/uYyXKtuVCM,Fri May 04 14:48:42 +0000 2018,0.556,0.264,0.736,0.0,76
RT @thegoodfight: The fight's not over yet. #TheGoodFight is renewed for Season 3. https://t.co/gUrDeA5KQP,Wed May 02 19:04:01 +0000 2018,0.0,0.0,1.0,0.0,77
RT @TKOCBS: Both @hwventure and @janemun have been named Executive Producers and showrunners of #TKO: TOTAL KNOCK OUT! Learn more about the‚Ä¶,Tue May 01 23:10:50 +0000 2018,0.0,0.0,1.0,0.0,78
"RT @StrangeAngel: Sex. Magick. Rocket Science. #StrangeAngel launches June 14, only on CBS All Access. https://t.co/I3sqWMASxl https://t.co‚Ä¶",Tue May 01 17:58:51 +0000 2018,0.0,0.0,1.0,0.0,79
"Broadway's Biggest Night will honor the best in theatre on Sunday, June 10! Here are the nominees for the‚Ä¶ https://t.co/tCiNaLGIvq",Tue May 01 15:16:28 +0000 2018,0.827,0.299,0.701,0.0,80
Tonight's the night! Tune in at 8/7c to see @reba and all your favorite country artists take Vegas by storm at the‚Ä¶ https://t.co/UlPpES5eN8,Sun Apr 15 22:00:02 +0000 2018,0.509,0.13,0.87,0.0,81
The anticipation is real. Just three hours away from the 53rd #ACMawards! Tune in at 8/7c on CBS All Access:‚Ä¶ https://t.co/9os3PJ4pyQ,Sun Apr 15 21:00:01 +0000 2018,0.176,0.078,0.922,0.0,82
"Are you ready to party with @dariusrucker in a few hours at the #ACMawards? Watch the show LIVE at 8/7c on CBS, or‚Ä¶ https://t.co/xAGKgZFRoD",Sun Apr 15 20:00:01 +0000 2018,0.637,0.198,0.802,0.0,83
Look out for @LukeBryanOnline's performance tonight at the 53rd #ACMawards! https://t.co/dgxgsfj5Hg,Sun Apr 15 16:00:01 +0000 2018,0.0,0.0,1.0,0.0,84
Are you as excited for the #ACMawards as @KelseaBallerini? This Female Vocalist Of The Year nominee is taking the s‚Ä¶ https://t.co/JSj5jGH25H,Sat Apr 14 23:00:01 +0000 2018,0.34,0.107,0.893,0.0,85
Watch @Jason_Aldean and @ThomasRhett take a break from rehearsals to spend quality time with Route 91 Survivors.‚Ä¶ https://t.co/TiDfaYxJUm,Sat Apr 14 20:26:59 +0000 2018,0.0,0.0,1.0,0.0,86
Country's brightest stars like @ThomasRhett are ready to pour their hearts out during their performances tomorrow n‚Ä¶ https://t.co/m3zOG8M8lw,Sat Apr 14 18:17:12 +0000 2018,0.84,0.375,0.625,0.0,87
You‚Äôre invited to Country Music's Party of the Year¬Æ! Here's everything you need to know before watching the 53rd‚Ä¶ https://t.co/Xr4iamFD7t,Sat Apr 14 14:00:00 +0000 2018,0.457,0.136,0.864,0.0,88
Get excited! @NCIS_CBS has been renewed for Season 16. https://t.co/JnL0D0vMsV,Fri Apr 13 22:33:38 +0000 2018,0.4,0.23,0.77,0.0,89
What goes into putting on an extraordinary show like the 53rd #ACMawards? Head behind the scenes with the executive‚Ä¶ https://t.co/2sFRfYNAku,Fri Apr 13 22:02:29 +0000 2018,0.361,0.116,0.884,0.0,90
Enjoy this #FlashbackFriday revisiting @ThomasRhett @KaceyMusgraves and more of country's biggest names for their f‚Ä¶ https://t.co/cnCQBnP1xI,Fri Apr 13 21:49:53 +0000 2018,0.494,0.176,0.824,0.0,91
"Host of the 53rd #ACMawards @reba is ready for ""family, friends, and getting together"" this Sunday! https://t.co/y25ZipnL32",Fri Apr 13 19:54:31 +0000 2018,0.709,0.282,0.718,0.0,92
It's almost time for Broadway's Biggest Night! @katharinemcphee and @leslieodomjr are set to announce nominations f‚Ä¶ https://t.co/oHbuSD5ijc,Fri Apr 13 17:46:40 +0000 2018,0.0,0.0,1.0,0.0,93
"In two days, Vocal Group Of The Year nominee @ladyantebellum will be serenading fans from the 53rd #ACMawards stage‚Ä¶ https://t.co/ku9cnef29x",Fri Apr 13 16:58:12 +0000 2018,0.0,0.0,1.0,0.0,94
"In just a few days, country superstar @KeithUrban will take center stage with @juliamichaels to perform his new sin‚Ä¶ https://t.co/he6TsePMgA",Thu Apr 12 21:00:00 +0000 2018,0.0,0.0,1.0,0.0,95
Country star @MarenMorris lit up the stage in honor of @eltonofficial and she's about to belt it out again at the 5‚Ä¶ https://t.co/OkGaL9MlB2,Thu Apr 12 19:00:03 +0000 2018,0.494,0.127,0.873,0.0,96
"Comedian, actor, and global superstar @KevinHart4real will host CBS‚Äô new TV competition TKO: TOTAL KNOCK OUT! Learn‚Ä¶ https://t.co/0XfMAoakDM",Thu Apr 12 18:06:10 +0000 2018,0.439,0.145,0.855,0.0,97
You may be surprised to learn some of your favorite TV stars have deep southern roots and a love for country music.‚Ä¶ https://t.co/rCoNVI0qeT,Thu Apr 12 16:08:57 +0000 2018,0.844,0.324,0.676,0.0,98
RT @TheTalkCBS: WATCH: @Reba McEntire AND @kelly_clarkson will be singing a duet together at the #ACMs! Check out which song they chose üëç h‚Ä¶,Wed Apr 11 23:19:26 +0000 2018,0.0,0.0,1.0,0.0,99
"This Sunday night, @carrieunderwood will be taking the stage to share her soon-to-be-released single live at the 53‚Ä¶ https://t.co/NRS6RAaKZK",Wed Apr 11 22:24:38 +0000 2018,0.296,0.109,0.891,0.0,100
Justice Ruth Bader Ginsburg says she hopes to stay on the Supreme Court at least five more years until the age of 9‚Ä¶ https://t.co/b7GWr3AJky,Sun Jul 29 23:04:37 +0000 2018,0.869,0.318,0.682,0.0,1
A 12-year-old boy who can't speak wrote a book with his eyes https://t.co/keZdphbHau https://t.co/NFx0OB1QHj,Sun Jul 29 23:00:05 +0000 2018,0.0,0.0,1.0,0.0,2
President Trump threatens to push the government into shutdown ahead of the coming appropriations deadline if Congr‚Ä¶ https://t.co/HkUFzmjXF8,Sun Jul 29 22:45:13 +0000 2018,-0.382,0.0,0.867,0.133,3
"North Korea may be taking some steps to keep its promises, but they will likely come at great cost to the United St‚Ä¶ https://t.co/NHhYo086W7",Sun Jul 29 22:30:03 +0000 2018,0.903,0.347,0.653,0.0,4
"A man arrested in connection to a bi-coastal crime spree that involved murder, rape and holding a woman captive use‚Ä¶ https://t.co/PNs68ZvV9F",Sun Jul 29 22:15:06 +0000 2018,-0.952,0.0,0.467,0.533,5
"On this day in 1958, President Dwight D. Eisenhower signed the National Aeronautics and Space Act, which establishe‚Ä¶ https://t.co/oKyQTnxcIt",Sun Jul 29 22:00:02 +0000 2018,0.0,0.0,1.0,0.0,6
"Nazi images, including a swastika, were discovered Saturday morning painted on a structure that is part of a Jewish‚Ä¶ https://t.co/qV57ew3Ac4",Sun Jul 29 21:50:04 +0000 2018,0.0,0.0,1.0,0.0,7
"Asking a woman about her work-life balance can be problematic, but she should use the opportunity to discuss the ne‚Ä¶ https://t.co/cC7IXZTQwb",Sun Jul 29 21:40:01 +0000 2018,0.412,0.156,0.761,0.082,8
This NASA animation shows the dramatic increase of near-Earth objects. See how many asteroids and comets have come‚Ä¶ https://t.co/F4wJSgwAi1,Sun Jul 29 21:30:00 +0000 2018,0.318,0.113,0.887,0.0,9
"Trump lawyer Rudy Giuliani once praised Michael Cohen as 'honest,' but now says Cohen has 'lied all his life'‚Ä¶ https://t.co/Bt349Fd9D8",Sun Jul 29 21:20:06 +0000 2018,-0.318,0.089,0.766,0.145,10
A German cruise line is facing outrage after one of its employees shot and killed a wild polar bear in Norway after‚Ä¶ https://t.co/kmYQZLtUNe,Sun Jul 29 21:05:59 +0000 2018,-0.832,0.0,0.709,0.291,11
President Trump's 2020 campaign denies reports that it is producing flags in China https://t.co/P5rFSU4LAq https://t.co/llzTLssJXI,Sun Jul 29 20:51:22 +0000 2018,-0.422,0.0,0.833,0.167,12
The monstrous Carr Fire in Northern California has doubled in size this weekend. Authorities say at least 12 people‚Ä¶ https://t.co/XSG8S7YyTF,Sun Jul 29 20:40:06 +0000 2018,-0.34,0.0,0.888,0.112,13
"""The Brady Bunch"" house, the classic split-level scene for nearly every episode of the hit TV show, is now on the m‚Ä¶ https://t.co/OZ0ZdLw13e",Sun Jul 29 20:40:00 +0000 2018,0.0,0.0,1.0,0.0,14
"Listen to the soothing sounds of the sun. Scientists mapped vibrations that form the ""low, pulsing hum of our star'‚Ä¶ https://t.co/lrrvtnZK0K",Sun Jul 29 20:30:00 +0000 2018,0.318,0.103,0.897,0.0,15
Former President Barack Obama and first lady Michelle Obama were spotted dancing at a Beyonc√© and Jay-Z concert nea‚Ä¶ https://t.co/VtJU8vkRfm,Sun Jul 29 20:20:05 +0000 2018,0.0,0.0,1.0,0.0,16
Palestinian teen activist Ahed Tamimi has been released from an Israeli prison after serving an 8-month prison sent‚Ä¶ https://t.co/c2XsaRZGQ0,Sun Jul 29 20:10:09 +0000 2018,-0.765,0.0,0.72,0.28,17
There are 100 days to the midterm election. Here's what to watch: https://t.co/64dpmcDvQ7 https://t.co/loNDIF3yfI,Sun Jul 29 20:00:17 +0000 2018,0.0,0.0,1.0,0.0,18
"2018 is on pace to be the fourth hottest year on record, according to data from the National Oceanic and Atmospheri‚Ä¶ https://t.co/DGbncI4Pk9",Sun Jul 29 19:55:04 +0000 2018,0.0,0.0,1.0,0.0,19
President Trump threatens to push the government into shutdown ahead of the coming appropriations deadline if Congr‚Ä¶ https://t.co/i63KxWcUMA,Sun Jul 29 19:48:30 +0000 2018,-0.382,0.0,0.867,0.133,20
"On this day in 1958, President Dwight D. Eisenhower signed the National Aeronautics and Space Act, which establishe‚Ä¶ https://t.co/TpVjqvFWso",Sun Jul 29 15:31:32 +0000 2018,0.0,0.0,1.0,0.0,21
There are 100 days to the midterm election. Here's what to watch: https://t.co/yqi6ZX3a41 https://t.co/PgkWJY6vbC,Sun Jul 29 15:15:10 +0000 2018,0.0,0.0,1.0,0.0,22
Civil rights icon and Georgia congressman Rep. John Lewis has been hospitalized but is expected to be released late‚Ä¶ https://t.co/Y8KpPUJefT,Sun Jul 29 15:01:14 +0000 2018,0.0,0.0,1.0,0.0,23
A clinical trial run by UCLA is testing a potentially pioneering form of immunotherapy that could turn a patient's‚Ä¶ https://t.co/ILFbFlqJXL,Sun Jul 29 15:01:06 +0000 2018,0.0,0.0,1.0,0.0,24
"2018 is on pace to be the fourth hottest year on record, according to data from the National Oceanic and Atmospheri‚Ä¶ https://t.co/K6FMntJR1t",Sun Jul 29 14:56:11 +0000 2018,0.0,0.0,1.0,0.0,25
Recep Tayyip Erdogan denies that Turkey has agreed to free a detained American pastor as part of a possible deal wi‚Ä¶ https://t.co/iiiT1mdcfX,Sun Jul 29 14:40:06 +0000 2018,-0.026,0.201,0.595,0.204,26
A 12-year-old boy who can't speak wrote a book with his eyes https://t.co/GmvT6OSsUY https://t.co/t1w6FJR6iN,Sun Jul 29 14:30:07 +0000 2018,0.0,0.0,1.0,0.0,27
President Trump threatens to push the government into shutdown ahead of the coming appropriations deadline if Congr‚Ä¶ https://t.co/F4KsOZEbdv,Sun Jul 29 14:22:29 +0000 2018,-0.382,0.0,0.867,0.133,28
What sparks your curiosity? See how Steve Jobs and other curious entrepreneurs revolutionized our world through tec‚Ä¶ https://t.co/J3649I6KqG,Sun Jul 29 14:16:06 +0000 2018,0.318,0.119,0.881,0.0,29
Palestinian teenage activist Ahed Tamimi has been freed from an Israeli prison after serving an eight-month prison‚Ä¶ https://t.co/KkXsei7Zl0,Sun Jul 29 14:00:13 +0000 2018,-0.153,0.123,0.727,0.15,30
The former mayor of New Orleans Mitch Landrieu says he is a ‚Äúradical centrist‚Äù: ‚ÄúI don‚Äôt think abolishing ICE is a‚Ä¶ https://t.co/t7L2vJiZPw,Sun Jul 29 13:46:52 +0000 2018,0.0,0.0,1.0,0.0,31
Three new polls show bad news for Republicans ahead of the midterm elections https://t.co/xbfpqVTIp4 https://t.co/3fCfLLjM2d,Sun Jul 29 13:46:05 +0000 2018,-0.542,0.0,0.8,0.2,32
"The future of Sky Bars, NECCO wafers, and Sweethearts is in limbo after NECCO, the oldest American candy company, s‚Ä¶ https://t.co/fJ7rqeks2V",Sun Jul 29 13:31:00 +0000 2018,0.586,0.16,0.84,0.0,33
"20 times that Trump and his allies denied he knew of the 2016 Trump Tower meeting 
https://t.co/7PuzZxBnBu https://t.co/QCBKHw9FnY",Sun Jul 29 13:30:08 +0000 2018,-0.44,0.0,0.854,0.146,34
Former White House communications director Anthony Scaramucci on the White House barring CNN's Kaitlan Collins from‚Ä¶ https://t.co/MDxTSQ66Fa,Sun Jul 29 13:20:17 +0000 2018,0.0,0.0,1.0,0.0,35
A city once known as America's foreclosure capital will become the first in the US to participate in a test of Univ‚Ä¶ https://t.co/AHaazLPWXb,Sun Jul 29 13:16:02 +0000 2018,-0.128,0.0,0.93,0.07,36
"‚ÄúThere‚Äôs certainly been a breach in the relationship,‚Äù between President Trump and Michael Cohen says former WH com‚Ä¶ https://t.co/OKqPkm63pA",Sun Jul 29 13:08:58 +0000 2018,0.34,0.124,0.876,0.0,37
The Trump administration wants to roll back the Endangered Species Act. These 10 animals might not be here today wi‚Ä¶ https://t.co/goAQn1TxuL,Sun Jul 29 13:01:06 +0000 2018,0.0,0.0,1.0,0.0,38
"No, this car wasn't split in half. It's Solo, an electric vehicle with one seat and three wheels.‚Ä¶ https://t.co/gAfqougR2R",Sun Jul 29 12:31:00 +0000 2018,-0.296,0.0,0.891,0.109,39
"A police officer in Meridian, Mississippi, has been fired after using his stun gun against a handcuffed suspect dur‚Ä¶ https://t.co/C1aC5wRvqd",Sun Jul 29 12:30:06 +0000 2018,-0.802,0.0,0.647,0.353,40
"Ximena Barreto, a far-right pundit appointed to a communications post at the Department of Health and Human Service‚Ä¶ https://t.co/H6EG3ArFc3",Sun Jul 29 00:40:04 +0000 2018,0.0,0.0,1.0,0.0,41
"Growing homophobia will fuel the HIV epidemic, experts fear https://t.co/5aVw35UywI",Sun Jul 29 00:20:07 +0000 2018,-0.361,0.132,0.62,0.248,42
"Meet the three Democrat women who are all ""elevating one another"" by working together to run for Democratic house s‚Ä¶ https://t.co/kXZDKQKJk3",Sun Jul 29 00:00:01 +0000 2018,0.0,0.0,1.0,0.0,43
"""I think a lot of people are tired of hearing ... the adults talk"": On #VanJonesShow, NBA star Carmelo Anthony tell‚Ä¶ https://t.co/iLOAONVNMm",Sat Jul 28 23:45:00 +0000 2018,-0.44,0.0,0.873,0.127,44
"The United States government ""completely turned their back"" on Puerto Rico after Hurricane Maria, NBA star Carmelo‚Ä¶ https://t.co/BHgNQ5w22A",Sat Jul 28 23:32:30 +0000 2018,0.422,0.141,0.859,0.0,45
"20 times that Trump and his allies denied he knew of the 2016 Trump Tower meeting 
https://t.co/oQtMns1opu https://t.co/B9WQrDLTpM",Sat Jul 28 23:00:08 +0000 2018,-0.44,0.0,0.854,0.146,46
"A police officer in Meridian, Mississippi, has been fired after using his stun gun against a handcuffed suspect dur‚Ä¶ https://t.co/bXiUABDFik",Sat Jul 28 22:40:02 +0000 2018,-0.802,0.0,0.647,0.353,47
"Citing possible fraud, Michigan State University has stopped making payments from a fund established to financially‚Ä¶ https://t.co/FLD9W9sjYm",Sat Jul 28 22:20:06 +0000 2018,-0.691,0.0,0.711,0.289,48
Gun control groups lost an emergency bid to block a Texas organization from posting instructions to 3-D print a gun‚Ä¶ https://t.co/T9WXZ4sTzh,Sat Jul 28 22:00:13 +0000 2018,-0.848,0.0,0.595,0.405,49
A 12-year-old boy who can't speak wrote a book with his eyes https://t.co/kFJcL2mvBC https://t.co/SJ2nbQI8Wn,Sat Jul 28 21:50:06 +0000 2018,0.0,0.0,1.0,0.0,50
This NASA animation shows the dramatic increase of near-Earth objects. See how many asteroids and comets have come‚Ä¶ https://t.co/Glff4osObz,Sat Jul 28 21:45:00 +0000 2018,0.318,0.113,0.887,0.0,51
Why travel is the ultimate test of a relationship https://t.co/8nFwSMjsOj,Sat Jul 28 21:40:03 +0000 2018,0.0,0.0,1.0,0.0,52
An Egyptian court on Saturday sentenced 75 people to death for participating in a 2013 demonstration in support of‚Ä¶ https://t.co/8uRg3PudMQ,Sat Jul 28 21:30:11 +0000 2018,-0.226,0.17,0.622,0.207,53
"The terminally ill should be allowed to die, Robert Klitzman writes for @CNNopinion https://t.co/dmpkpieDeE https://t.co/9uydnLM5ee",Sat Jul 28 21:20:04 +0000 2018,-0.772,0.0,0.66,0.34,54
"The United Nations has verified 7,000 cases of children either killed or maimed in Syria's seven-year war, but says‚Ä¶ https://t.co/kBPcNAhd1S",Sat Jul 28 21:11:53 +0000 2018,-0.511,0.079,0.705,0.216,55
"""I've been waiting my whole life to find my mother"": An American woman who was separated from her family as a newbo‚Ä¶ https://t.co/XRk2XPufHr",Sat Jul 28 21:10:00 +0000 2018,0.0,0.0,1.0,0.0,56
"NBA star Carmelo Anthony, whose father is Puerto Rican, tells @VanJones68 that the United States government ""comple‚Ä¶ https://t.co/qpxKW9wmJy",Sat Jul 28 21:01:57 +0000 2018,0.422,0.141,0.859,0.0,57
"How a small-town French psychic became the face -- and, her family says, a victim -- of a $200 million scam‚Ä¶ https://t.co/jBPxNMWu8X",Sat Jul 28 20:30:04 +0000 2018,-0.273,0.0,0.896,0.104,58
"Queen Elizabeth II *loves* horses. 

She rides them every weekend, is a successful race horse owner, and makes cert‚Ä¶ https://t.co/5WpnbhxMEM",Sat Jul 28 20:20:00 +0000 2018,0.586,0.174,0.826,0.0,59
California's Supreme Court ruled that employers must pay workers for the time they spend completing off-the-clock t‚Ä¶ https://t.co/eSheFSoryT,Sat Jul 28 20:10:04 +0000 2018,0.494,0.171,0.762,0.067,60
"President Donald Trump's lawyer, Rudy Giuliani, substantially weakened his case against Michael Cohen by going back‚Ä¶ https://t.co/Y0a9drtP0R",Sat Jul 28 05:16:02 +0000 2018,-0.38,0.0,0.861,0.139,61
"After years of research, scientists have confirmed that liquid water exists on Mars. This could allow humans to fur‚Ä¶ https://t.co/6ZLOIYhSl1",Sat Jul 28 05:01:00 +0000 2018,0.226,0.091,0.909,0.0,62
The man who steered a duck boat on a Missouri lake as a thunderstorm approached is heard on video earlier as saying‚Ä¶ https://t.co/W1YNaUPgZX,Sat Jul 28 04:46:06 +0000 2018,0.0,0.0,1.0,0.0,63
"It‚Äôs like a real-life Iron Man. This flying suit was built using 3D printed parts, specialist electronics and five‚Ä¶ https://t.co/XwLUla2rxR",Sat Jul 28 04:31:00 +0000 2018,0.361,0.122,0.878,0.0,64
"A police officer in Meridian, Mississippi, has been fired after using his stun gun against a handcuffed suspect dur‚Ä¶ https://t.co/G4GvSWADJg",Sat Jul 28 04:16:03 +0000 2018,-0.802,0.0,0.647,0.353,65
This man built a floating bicycle so he could clean trash from a river in order to raise awareness about plastic po‚Ä¶ https://t.co/ZAGzVq3xwZ,Sat Jul 28 04:01:00 +0000 2018,0.452,0.129,0.871,0.0,66
The list of potential witnesses in the Paul Manafort case reveals a road map for prosecutors https://t.co/QHuAYrV7Ik https://t.co/tuFtcQ2NV1,Sat Jul 28 03:46:07 +0000 2018,0.0,0.0,1.0,0.0,67
A federal judge said she will appoint an independent monitor to keep tabs on the conditions migrant children are ke‚Ä¶ https://t.co/kGe0MBpxOM,Sat Jul 28 03:31:05 +0000 2018,0.0,0.0,1.0,0.0,68
"A Democratic lawmaker says Michael Cohen is ""not a heroic figure"" but has credibility https://t.co/0sffmITo5e https://t.co/SxTFRDN297",Sat Jul 28 03:16:07 +0000 2018,-0.241,0.0,0.869,0.131,69
"A Mexican journalist and his son are released from ICE custody, but questions linger about their detention‚Ä¶ https://t.co/SJ3TaTax02",Sat Jul 28 03:01:04 +0000 2018,0.0,0.0,1.0,0.0,70
"RT @AC360: Former spy chief's warning: James Clapper tells Anderson Cooper that ""leadership across our country"" is urgently needed to fight‚Ä¶",Sat Jul 28 02:51:58 +0000 2018,-0.34,0.0,0.893,0.107,71
Can you remember a time when you didn't ‚ÄúGoogle‚Äù?  Explore the decade in tech that launched the smartphone and all‚Ä¶ https://t.co/bcdSGLYYJX,Sat Jul 28 02:45:17 +0000 2018,0.128,0.073,0.927,0.0,72
Gun control groups lost an emergency bid to block a Texas organization from posting instructions to 3-D print a gun‚Ä¶ https://t.co/ASX5A9WjRi,Sat Jul 28 02:41:07 +0000 2018,-0.848,0.0,0.595,0.405,73
"RT @CNNTonight: .@DonLemon: ""Donald Trump's presidency can be defined by lies. ... The sheer number of lies can be overwhelming. And the da‚Ä¶",Sat Jul 28 02:37:13 +0000 2018,-0.649,0.048,0.743,0.208,74
"RT @AC360: ""Who are going to believe?"" Anderson Cooper recounts the many times President Trump's defenders have said he did not have any kn‚Ä¶",Sat Jul 28 02:37:00 +0000 2018,0.077,0.053,0.947,0.0,75
Three new polls show bad news for Republicans ahead of the midterm elections https://t.co/h3iAbyXo8R https://t.co/ChWjAvmhKA,Sat Jul 28 02:16:06 +0000 2018,-0.542,0.0,0.8,0.2,76
"Citing possible fraud, Michigan State University has stopped making payments from a fund established to financially‚Ä¶ https://t.co/8cIB345B3n",Sat Jul 28 02:11:06 +0000 2018,-0.691,0.0,0.711,0.289,77
"Lacking direction from the White House, the intelligence agencies scramble to protect the midterm elections from ha‚Ä¶ https://t.co/kG3Y27AuAc",Sat Jul 28 02:06:04 +0000 2018,0.691,0.263,0.737,0.0,78
The Moscow metro is probably fancier than your city's subway https://t.co/zL40VUzEZY https://t.co/dyGLe6tgh5,Sat Jul 28 02:03:33 +0000 2018,0.0,0.0,1.0,0.0,79
You may think of the Antarctic as pristine wilderness. But it's already showing the effects of human activity thous‚Ä¶ https://t.co/l3WBD7Vni4,Sat Jul 28 01:56:34 +0000 2018,0.0,0.0,1.0,0.0,80
"Republican Rep. Jason Lewis has repeatedly demeaned recipients of welfare and government assistance, calling them ""‚Ä¶ https://t.co/r4WWL3cI38",Fri Jul 27 16:22:22 +0000 2018,0.0,0.0,1.0,0.0,81
Disneyland agrees to pay its workers $15 an hour https://t.co/IHMHb132oC https://t.co/3GGpASnqq4,Fri Jul 27 16:06:34 +0000 2018,0.103,0.148,0.738,0.115,82
"Russian President Vladimir Putin says he is ready to go to Washington and has invited President Trump to Moscow, bu‚Ä¶ https://t.co/leAufOy6qY",Fri Jul 27 15:50:02 +0000 2018,0.361,0.111,0.889,0.0,83
Missouri Democratic Sen. Claire McCaskill says Russians unsuccessfully attempted to hack her Senate computer networ‚Ä¶ https://t.co/xvirN0aIEA,Fri Jul 27 15:40:11 +0000 2018,-0.402,0.0,0.847,0.153,84
"The longest total lunar eclipse of the century arrives tonight, showcasing a blood moon for most of the Eastern Hem‚Ä¶ https://t.co/DeyKIXKqPX",Fri Jul 27 15:30:08 +0000 2018,0.0,0.0,1.0,0.0,85
"Miyako Chiyo, the oldest person in Japan and the world, died Sunday at age 117, according to the country's Health M‚Ä¶ https://t.co/8HH2K3BMxT",Fri Jul 27 15:20:08 +0000 2018,-0.557,0.0,0.854,0.146,86
How DNA and other methods are used in identifying deceased US troops https://t.co/OVeQfrrkMJ https://t.co/0QPdgUx1Y7,Fri Jul 27 15:10:06 +0000 2018,0.0,0.0,1.0,0.0,87
11 endangered rhinos were moved to start a new population. 10 died https://t.co/kwoA2Xp3TH https://t.co/MJf4cr2GOr,Fri Jul 27 15:00:11 +0000 2018,-0.557,0.0,0.769,0.231,88
Coke is raising soda prices because of aluminum tariffs https://t.co/kMEylcdg7h https://t.co/53KqdtKfq8,Fri Jul 27 14:55:04 +0000 2018,0.0,0.0,1.0,0.0,89
RT @CNNMoney: JUST IN: Shareholders approve Disney's purchase of most of 21st Century Fox https://t.co/yU02OPTu2x https://t.co/d7MPNMmeru,Fri Jul 27 14:45:39 +0000 2018,0.0,0.0,1.0,0.0,90
A court case you've probably never heard of could become a major problem for President Trump | Analysis by‚Ä¶ https://t.co/NNf0ayOa90,Fri Jul 27 14:45:22 +0000 2018,-0.402,0.0,0.856,0.144,91
Sponsors are ditching the Kuwaiti Instagram influencer who complained about labor laws requiring a weekly day off f‚Ä¶ https://t.co/hqp14sIYK1,Fri Jul 27 14:35:39 +0000 2018,-0.402,0.0,0.863,0.137,92
"President Trump touts economic growth: ""These numbers are very, very sustainable"" https://t.co/SCGJI5eIzm https://t.co/O9w9NFL2wV",Fri Jul 27 14:22:33 +0000 2018,0.361,0.177,0.748,0.075,93
"Nigeria, Africa's most populous nation, will be the first on the continent to receive Google's free public Wi-Fi se‚Ä¶ https://t.co/2H0UHNk2w4",Fri Jul 27 14:05:49 +0000 2018,0.511,0.148,0.852,0.0,94
Disneyland agrees to pay its workers $15 an hour https://t.co/leKmuuKoHE https://t.co/cYja6vW8T2,Fri Jul 27 13:53:53 +0000 2018,0.103,0.148,0.738,0.115,95
"President Trump is speaking about the economy from the White House South Lawn.

Watch on CNN:‚Ä¶ https://t.co/H0edAgHS5K",Fri Jul 27 13:44:18 +0000 2018,0.0,0.0,1.0,0.0,96
The best travel photos of 2018 (so far) https://t.co/BYquWXkW4Y https://t.co/VIDM6eiFn9,Fri Jul 27 13:40:09 +0000 2018,0.637,0.318,0.682,0.0,97
"Russian President Vladimir Putin says he is ready to go to Washington and has invited President Trump to Moscow, bu‚Ä¶ https://t.co/rWY7pnVobY",Fri Jul 27 13:30:01 +0000 2018,0.361,0.111,0.889,0.0,98
"Cuba's new constitution could:

‚Ä¢ Allow same-sex marriage
‚Ä¢ Eliminate the term ""communism""
‚Ä¢ Open a path to owning‚Ä¶ https://t.co/RKIuBBHRa1",Fri Jul 27 13:20:04 +0000 2018,0.226,0.112,0.888,0.0,99
"An attempt by two Australian inmates to tunnel out of a prison cell, using toothpaste and toilet paper to conceal t‚Ä¶ https://t.co/YF3HcYG4H7",Fri Jul 27 13:10:03 +0000 2018,-0.511,0.0,0.858,0.142,100
WWE Hall of Famer who played villain Nikolai Volkoff dies at 70 https://t.co/Rb9zecSQgM,Sun Jul 29 23:02:39 +0000 2018,-0.296,0.141,0.647,0.212,1
The Trump administration is touting the strong economic growth following the release of the GDP report;‚Ä¶ https://t.co/crF84QgXO5,Sun Jul 29 22:57:38 +0000 2018,0.637,0.273,0.648,0.079,2
Philadelphia is ending a major information-sharing contract with ICE; @BryanLlenas reports. #FoxReport‚Ä¶ https://t.co/BODSCc9dLP,Sun Jul 29 22:55:44 +0000 2018,0.0,0.0,1.0,0.0,3
Northern California fire leaves 6 dead as officials worry high winds could flame blaze https://t.co/byhvrQCTOc,Sun Jul 29 22:46:37 +0000 2018,-0.862,0.0,0.534,0.466,4
'Big Bang Theory' boss Chuck Lorre comments on safe work environments after Les Moonves sexual harassment allegatio‚Ä¶ https://t.co/uW0aUeAYbu,Sun Jul 29 22:40:33 +0000 2018,-0.153,0.129,0.714,0.156,5
".@Garrett_FoxNews: ""This week House Republicans again threatened to hold Deputy Attorney General Rod Rosenstein in‚Ä¶ https://t.co/na96Ao52l5",Sun Jul 29 22:33:00 +0000 2018,-0.459,0.0,0.833,0.167,6
Rudy Giuliani is questioning the authenticity of Michael Cohen's secret recording with President Trump;‚Ä¶ https://t.co/RGakWqdNRe,Sun Jul 29 22:26:51 +0000 2018,-0.103,0.0,0.909,0.091,7
President @realDonaldTrump arrives at Morristown Airport where he will depart for Washington D.C.  https://t.co/h4i02c6d3H,Sun Jul 29 22:08:21 +0000 2018,0.0,0.0,1.0,0.0,8
"Netflix focused on building faith and family-based shows, exec says https://t.co/gi4OwGRPu9",Sun Jul 29 21:51:02 +0000 2018,0.66,0.375,0.625,0.0,9
Netflix exec 'would be happy' to make 'Master of None' Season 3 'whenever Aziz is ready' https://t.co/RykQRGZBCJ,Sun Jul 29 21:50:55 +0000 2018,0.735,0.307,0.693,0.0,10
"RT @EricShawnTV: #RudyGiuliani says the #MichaelCohen tapes were ""tampered with,"" Pres. #DonaldTrump is heard saying the word ""cash,"" Cohen‚Ä¶",Sun Jul 29 21:43:57 +0000 2018,0.0,0.0,1.0,0.0,11
Teen seriously injured after plastic bottle thrown from car explodes in her hands: report https://t.co/ewPBaajEyf,Sun Jul 29 21:41:42 +0000 2018,-0.527,0.0,0.747,0.253,12
"On ""Justice,"" @dbongino praised President @realDonaldTrump's handling of the economy while slamming former Presiden‚Ä¶ https://t.co/xpVPdC2DcZ",Sun Jul 29 21:31:23 +0000 2018,0.494,0.186,0.814,0.0,13
Sanctuary cities ruling a setback for Justice Department https://t.co/1wvlNJ8wyD,Sun Jul 29 21:28:54 +0000 2018,0.527,0.327,0.673,0.0,14
Turkey leader Erdogan warns US over sanctions threat in pastor case https://t.co/A6lot0u9MW,Sun Jul 29 21:19:57 +0000 2018,-0.586,0.0,0.676,0.324,15
Polar bear killed after attacking cruise ship employee near North Pole https://t.co/ZRyJnVfCi3,Sun Jul 29 21:17:46 +0000 2018,-0.818,0.0,0.571,0.429,16
Vegan activists protest North Carolina fishing tournament https://t.co/PUAkAP4z4e,Sun Jul 29 21:17:14 +0000 2018,-0.25,0.0,0.778,0.222,17
"Bridesmaid begs JetBlue for refund after bride asks her 'to relinquish' title, 'duties' https://t.co/Cx4Mll9KAn",Sun Jul 29 21:11:18 +0000 2018,0.0,0.0,1.0,0.0,18
"Indonesia earthquake in popular tourist area results in multiple deaths, over 160 people injured.‚Ä¶ https://t.co/FK9tagKrAl",Sun Jul 29 21:03:07 +0000 2018,0.422,0.167,0.833,0.0,19
"Parts of airport shut down after woman slips through security zone
https://t.co/Rmt9faUMHx",Sun Jul 29 21:00:49 +0000 2018,0.34,0.179,0.821,0.0,20
TONIGHT: Go inside the home of @Jeopardy TV Legend Alex Trebek with @HarveyLevinTMZ - 8p ET on Fox News Channel! https://t.co/RQ85gShnbM,Sun Jul 29 19:39:00 +0000 2018,0.0,0.0,1.0,0.0,21
.@GiannoCaldwell: Chicago's gun violence is intolerable -- @realDonaldTrump should provide help https://t.co/njArRHIvp6,Sun Jul 29 19:37:13 +0000 2018,-0.586,0.148,0.495,0.357,22
".@SenAlexander on car tariffs: ""Now that we've got a policy of where we're going, zero tariffs, it's time to get ri‚Ä¶ https://t.co/Ap1vXAiKRL",Sun Jul 29 19:28:07 +0000 2018,0.0,0.0,1.0,0.0,23
The Color Guard from the Naval Base Ventura County holds up flags during the national anthem at the Dallas Cowboys‚Ä¶ https://t.co/GFvwUzxAr7,Sun Jul 29 19:20:34 +0000 2018,0.0,0.0,1.0,0.0,24
RT @EricShawnTV: The showdown with Turkey over #PastorBrunson.  Can the efforts of @POTUS #DonaldTrump and @VP #MikePence free him? Watch m‚Ä¶,Sun Jul 29 19:20:22 +0000 2018,0.511,0.142,0.858,0.0,25
"Firefighter Scott Brown sprays water on a backfire while battling the Carr Fire in Redding, Calif., on Saturday, Ju‚Ä¶ https://t.co/kRSJbX628A",Sun Jul 29 19:15:00 +0000 2018,-0.542,0.0,0.791,0.209,26
".@MoElleithee on U.S.-Russia relations: ""Putin is getting everything he wants out of this relationship and that is‚Ä¶ https://t.co/pIRxcjkeGC",Sun Jul 29 19:06:57 +0000 2018,0.0,0.0,1.0,0.0,27
"Arkansas woman shoots, kills husband over pornography, police say https://t.co/ffOCX17gFA",Sun Jul 29 19:06:35 +0000 2018,-0.542,0.0,0.72,0.28,28
".@GillianHTurner: ""[@POTUS is] almost having a little bit of a @BarackObama moment...Nobody wanted President Obama‚Ä¶ https://t.co/MBuXxJMbGu",Sun Jul 29 19:04:02 +0000 2018,0.0,0.0,1.0,0.0,29
"Brecken Simmons, 8: ""[Police] do a lot to help us keep safe from those bad people."" https://t.co/CinSHPwwNd https://t.co/cD01ahoFZw",Sun Jul 29 19:03:02 +0000 2018,0.273,0.242,0.606,0.152,30
"On ""Sunday Morning Futures with @MariaBartiromo,"" @LindseyGrahamSC said that every American should ""be very suspici‚Ä¶ https://t.co/TviTel7EPN",Sun Jul 29 18:54:02 +0000 2018,0.0,0.0,1.0,0.0,31
"WATCH: Chris Wallace's full interview with Rudy Giuliani, President @realDonaldTrump's attorney - Part 2.‚Ä¶ https://t.co/cIZPJMZEOn",Sun Jul 29 18:50:25 +0000 2018,0.0,0.0,1.0,0.0,32
"WATCH: Chris Wallace's full interview with Rudy Giuliani, President @realDonaldTrump's attorney - Part 1.‚Ä¶ https://t.co/wVyh9oo9zi",Sun Jul 29 18:49:10 +0000 2018,0.0,0.0,1.0,0.0,33
".@GillianHTurner on tariffs: ""Sometimes conflict resolution 101 tells you that when you have these really contentio‚Ä¶ https://t.co/OyCsJali8f",Sun Jul 29 18:33:28 +0000 2018,-0.318,0.0,0.874,0.126,34
".@MoElleithee on midterm elections: ""There's enough economic uncertainty that even with the strong number I think R‚Ä¶ https://t.co/VTGVX8IX37",Sun Jul 29 18:30:21 +0000 2018,0.296,0.219,0.667,0.114,35
WATCH: Chris Wallace's full interview with Treasury Secretary @stevenmnuchin1 - Part 2. @FoxNewsSunday https://t.co/xCCg2n0V0i,Sun Jul 29 18:26:22 +0000 2018,0.202,0.13,0.87,0.0,36
WATCH: Chris Wallace's full interview with Treasury Secretary @stevenmnuchin1 - Part 1. @FoxNewsSunday https://t.co/CfHhph7Gof,Sun Jul 29 18:26:18 +0000 2018,0.202,0.13,0.87,0.0,37
".@MoElleithee on the economy: ""This is a continuation of economic recovery that began in 2009 and 2010. That strong‚Ä¶ https://t.co/OAWaEu2cI3",Sun Jul 29 18:25:52 +0000 2018,0.0,0.0,1.0,0.0,38
".@MoElleithee: ""We should all be celebrating 4.1 economic growth. That's a good number, that's  a strong number. It‚Ä¶ https://t.co/tNQgtQp7jd",Sun Jul 29 18:23:37 +0000 2018,0.92,0.579,0.421,0.0,39
RT @FoxBusiness: Boeing expects higher costs to hurt defense margins. https://t.co/cHuP42PXBq,Sun Jul 29 18:16:57 +0000 2018,-0.44,0.108,0.647,0.245,40
".@LindseyGrahamSC: ""The one thing about Michael Cohen is that I've never seen a lawyer behave this way in my entire‚Ä¶ https://t.co/UzdULncALH",Sun Jul 29 14:40:32 +0000 2018,0.0,0.0,1.0,0.0,41
".@LindseyGrahamSC: ""The only way we've made any progress with North Korea is because Trump has been strong in the e‚Ä¶ https://t.co/EIdCtrSKeO",Sun Jul 29 14:38:53 +0000 2018,0.727,0.243,0.757,0.0,42
".@LindseyGrahamSC: ""I think China's undercutting @POTUS when it comes to North Korea."" #SundayFutures‚Ä¶ https://t.co/XCFJMv4XCZ",Sun Jul 29 14:37:37 +0000 2018,0.0,0.0,1.0,0.0,43
".@LindseyGrahamSC: ""The only reason that we're moving forward with North Korea is that @POTUS convinced China and N‚Ä¶ https://t.co/JIpQcn4NDV",Sun Jul 29 14:36:44 +0000 2018,0.402,0.13,0.87,0.0,44
".@VP: ""Pastor Andrew Brunson is an innocent man. He's a man of profound Christian faith who has ministered in Turke‚Ä¶ https://t.co/npSHiS6k9Y",Sun Jul 29 14:29:05 +0000 2018,0.637,0.224,0.776,0.0,45
".@VP: ""President Trump has asked me to do many things on his behalf as vice president, but frankly I've never been‚Ä¶ https://t.co/5mGcjLSY3F",Sun Jul 29 14:27:26 +0000 2018,0.0,0.0,1.0,0.0,46
".@VP: ""We remain confident that before the fall is out, that Judge Brett Kavanaugh will be Justice Brett Kavanaugh.‚Ä¶ https://t.co/TJVSEJGuIu",Sun Jul 29 14:26:09 +0000 2018,0.765,0.268,0.732,0.0,47
".@VP: ""Judge Brett Kavanaugh is a man of integrity and he's a judge with an extraordinary record of service.""‚Ä¶ https://t.co/heiKLkKAfN",Sun Jul 29 14:24:48 +0000 2018,0.382,0.133,0.867,0.0,48
".@VP: ""Our administration has faced unprecedented obstruction by @TheDemocrats in Washington, D.C."" #SundayFutures‚Ä¶ https://t.co/aasXls6usF",Sun Jul 29 14:19:38 +0000 2018,0.0,0.0,1.0,0.0,49
".@VP: ""Our priority is to make sure that we not only reelect but we expand Republican majorities on Capitol Hill.""‚Ä¶ https://t.co/472jhOElf6",Sun Jul 29 14:19:04 +0000 2018,0.557,0.195,0.805,0.0,50
".@VP: ""It's absolutely essential that we protect intellectual property from being stolen by interests in China.""‚Ä¶ https://t.co/3S3dbrBV9w",Sun Jul 29 14:17:03 +0000 2018,0.572,0.328,0.539,0.133,51
".@VP Mike Pence: ""In the last year and a half, our administration has been faced with more filibusters called by‚Ä¶ https://t.co/WjIPXr4NPf",Sun Jul 29 14:14:10 +0000 2018,0.0,0.0,1.0,0.0,52
".@VP Mike Pence: ""It's remarkable to think all the progress that we've made in the last 18 months has been made in‚Ä¶ https://t.co/IRO6ssUkWO",Sun Jul 29 14:13:08 +0000 2018,0.751,0.234,0.766,0.0,53
".@VP Mike Pence: ""We're going to renegotiate NAFTA in a way that's a win for working Americans in the city and on t‚Ä¶ https://t.co/hHy1iVZIhf",Sun Jul 29 14:10:34 +0000 2018,0.586,0.153,0.847,0.0,54
.@HuntsmanAbby is live with the ‚ÄòFox News Update‚Äô on Facebook Watch: https://t.co/hNrB8xzepH https://t.co/6G7yH9N9Mr,Sun Jul 29 14:10:27 +0000 2018,0.0,0.0,1.0,0.0,55
".@VP Mike Pence: ""@POTUS came into this administration with the belief that for too long Americans, our economy, ou‚Ä¶ https://t.co/eFwXInCJ08",Sun Jul 29 14:09:25 +0000 2018,0.0,0.0,1.0,0.0,56
".@VP Mike Pence: ""Now the United States and the EU are going to begin working toward a trade arrangement that has z‚Ä¶ https://t.co/lDrimxhwZ8",Sun Jul 29 14:07:59 +0000 2018,0.422,0.118,0.882,0.0,57
".@VP Mike Pence: ""American exports were up by more than 9%, and our trade deficit was down by $50 billion.""‚Ä¶ https://t.co/yvaifhCKRI",Sun Jul 29 14:07:01 +0000 2018,-0.402,0.0,0.881,0.119,58
".@VP Mike Pence: ""The best is yet to come."" #SundayFutures @MariaBartiromo https://t.co/tWzWabRfOJ",Sun Jul 29 14:06:15 +0000 2018,0.637,0.276,0.724,0.0,59
".@VP Mike Pence: ""In the last 2 administrations the economy grew by less than 2%. In the first 18 months of this ad‚Ä¶ https://t.co/lZI6D1l3O7",Sun Jul 29 14:05:30 +0000 2018,0.0,0.0,1.0,0.0,60
Joe Peters: ‚ÄúLaw enforcement has no better friend than President Trump.‚Äù https://t.co/SiHdL4bksD,Sun Jul 29 05:45:00 +0000 2018,0.599,0.353,0.52,0.127,61
Mama duck with 76 ducklings on Minnesota lake captured in stunning photos https://t.co/b89OE9G7eO,Sun Jul 29 05:38:00 +0000 2018,0.382,0.178,0.822,0.0,62
".@hogangidley45 on @POTUS' speech to steelworkers: ""I watched the tears stream down the faces of grown men...who to‚Ä¶ https://t.co/fTZuemXCdj",Sun Jul 29 05:30:00 +0000 2018,-0.226,0.0,0.905,0.095,63
"A complete lunar eclipse can be seen in the sky over Marseille, France. This complete lunar eclipse is the longest‚Ä¶ https://t.co/kTWCN2QTYx",Sun Jul 29 05:23:00 +0000 2018,0.0,0.0,1.0,0.0,64
"Thomas Homan: ""There's been nobody that has done more for border security and public safety than President Trump.""‚Ä¶ https://t.co/Hbi1Uazv26",Sun Jul 29 05:15:00 +0000 2018,0.667,0.243,0.757,0.0,65
The gang just as vicious as MS-13 but without the notoriety: Savage Trinitarios return to the spotlight after years‚Ä¶ https://t.co/EEEuRSFubt,Sun Jul 29 05:08:00 +0000 2018,0.355,0.14,0.784,0.076,66
.@mercedesschlapp: ‚ÄúFormer presidents have tried to bring these remains back and they have failed.‚Äù https://t.co/0RlLLbLuL4,Sun Jul 29 05:00:00 +0000 2018,0.0,0.0,1.0,0.0,67
"'My babies are dead': Mom, family mourn for 2 kids, great-grandmother killed by Carr Fire in Northern California https://t.co/BCQRVdbfWg",Sun Jul 29 04:55:00 +0000 2018,-0.866,0.0,0.607,0.393,68
"Drug dog Sombra has already sniffed her way to high-profile drug busts, finding stashes hidden in suitcases, boats‚Ä¶ https://t.co/TChAj7pcqN",Sun Jul 29 04:47:17 +0000 2018,0.0,0.0,1.0,0.0,69
"‚ÄúIt gives you faith in humanity a little bit that there are good kids out there."" 

Some Colorado kids took a break‚Ä¶ https://t.co/U7Xysxegvo",Sun Jul 29 04:45:00 +0000 2018,0.691,0.231,0.769,0.0,70
"On @foxandfriends‚Äã, @dbongino‚Äã outlined some ""new rules"" for how we should talk about the economy now that‚Ä¶ https://t.co/F1nFzvEVhX",Sun Jul 29 04:38:00 +0000 2018,0.0,0.0,1.0,0.0,71
".@dbongino: ""We don't owe you a dime more, Captain Federal Government, not a dime."" https://t.co/OxfDfq1VwF",Sun Jul 29 04:30:00 +0000 2018,0.0,0.0,1.0,0.0,72
"Indonesia earthquake results in multiple deaths, injuries https://t.co/zyHpTqezZL",Sun Jul 29 04:23:00 +0000 2018,0.0,0.0,1.0,0.0,73
".@charliekirk11: ""If socialist professors really believe the nonsense that they, you know, profess, why don't they‚Ä¶ https://t.co/fRxkUes9PS",Sun Jul 29 04:15:00 +0000 2018,-0.452,0.0,0.844,0.156,74
Korean War veterans salute as a member of an honor guard presents the American flag at the Korean War memorial at B‚Ä¶ https://t.co/MYIML7GMEg,Sun Jul 29 04:08:00 +0000 2018,-0.681,0.107,0.633,0.26,75
UPDATE: A homeless man in Florida who was trying to get a job has been hired by @McDonalds - thanks to the help of‚Ä¶ https://t.co/fncN2DW6BC,Sun Jul 29 04:01:00 +0000 2018,0.681,0.219,0.781,0.0,76
Boy battling cancer granted wish to be firefighter for a day https://t.co/7WQRL5YcBR,Sun Jul 29 03:54:25 +0000 2018,-0.422,0.258,0.385,0.357,77
"Rep. John Lewis hospitalized, under 'routine observation' https://t.co/sP9hRyMREF",Sun Jul 29 03:41:57 +0000 2018,0.0,0.0,1.0,0.0,78
Families with young children protest the separation of immigrant families with a sit-in at the Hart Senate Office B‚Ä¶ https://t.co/1z40W9TSrB,Sun Jul 29 03:29:26 +0000 2018,-0.25,0.0,0.9,0.1,79
".@JudgeJeanine: ""Americans elected the outsider businessman president. Why? To borrow a phrase from the man himself‚Ä¶ https://t.co/nNEIAUn1BJ",Sun Jul 29 03:26:37 +0000 2018,0.0,0.0,1.0,0.0,80
".@VP: ""The fact that this president, sitting down with Kim Jong Un to negotiate the complete denuclearization of th‚Ä¶ https://t.co/SeyGtofpX0",Sat Jul 28 18:53:23 +0000 2018,0.0,0.0,1.0,0.0,81
"On @foxandfriends‚Äã, @dbongino‚Äã outlined some ""new rules"" for how we should talk about the economy now that‚Ä¶ https://t.co/1y6mC5o0ha",Sat Jul 28 18:45:00 +0000 2018,0.0,0.0,1.0,0.0,82
".@GillianHTurner: ""Michael Cohen, President Trump's longtime lawyer, is now claiming his boss approved the infamous‚Ä¶ https://t.co/twa3zN1UQC",Sat Jul 28 18:38:21 +0000 2018,0.422,0.157,0.843,0.0,83
"‚ÄúMy wife and I are deeply moved and deeply honored to be able to be there when we bring our boys home.‚Äù

SUNDAY:‚Ä¶ https://t.co/XELArvGTKl",Sat Jul 28 18:35:00 +0000 2018,0.624,0.157,0.843,0.0,84
Sen. Cory Booker Pleads for Supporters to 'Get Up in the Face of Congresspeople' https://t.co/C9jqvjBLQ7,Sat Jul 28 18:31:38 +0000 2018,0.44,0.172,0.828,0.0,85
.@Johnny_Joey: ‚ÄúToday it‚Äôs not the forgotten war. Today we‚Äôre remembering them and we‚Äôre going to have a chance to‚Ä¶ https://t.co/JYeln41DpV,Sat Jul 28 18:31:20 +0000 2018,0.702,0.299,0.701,0.0,86
"John Thomas on Dems asking for Kavanaugh's WH records: ""At the end of the day, those three [Senate] Democrats that‚Ä¶ https://t.co/54Y3AXiU7z",Sat Jul 28 18:31:03 +0000 2018,0.0,0.0,1.0,0.0,87
"Michigan motel fire kills woman, five children from same family, officials say. https://t.co/a59p7ZTTrS https://t.co/478jPVxf0S",Sat Jul 28 18:19:49 +0000 2018,-0.71,0.0,0.67,0.33,88
California wildfire burns 500-plus structures. https://t.co/iNkyXXLhtf https://t.co/7TacvBkO5j,Sat Jul 28 18:18:48 +0000 2018,0.0,0.0,1.0,0.0,89
"BREAKING NEWS: Active shooter reported at Texas border town shopping mall; police warn people to stay away
https://t.co/uKts8P9frM",Sat Jul 28 18:10:57 +0000 2018,0.318,0.134,0.796,0.07,90
"On @foxandfriends, GOP Senate hopeful @JohnJamesMI discussed his endorsement from President @realDonaldTrump and hi‚Ä¶ https://t.co/4vbBGNATmX",Sat Jul 28 18:07:00 +0000 2018,0.681,0.301,0.699,0.0,91
"Lawmakers struggle to decode Trump's 'secret' to deal with Russia, North Korea https://t.co/r4co0Ec9Pj",Sat Jul 28 18:02:37 +0000 2018,-0.318,0.0,0.839,0.161,92
"JFK security 'under review' after escapee from mental health facility hops fence, wanders onto taxiway https://t.co/OlZ7qma7KQ",Sat Jul 28 18:01:11 +0000 2018,0.34,0.138,0.862,0.0,93
NEWS ALERT: @POTUS declares state of emergency in California. https://t.co/dIs4EhLcqO https://t.co/kIkdHZBmu5,Sat Jul 28 17:55:07 +0000 2018,0.086,0.202,0.619,0.179,94
GDP growth: 2014 - 2018. https://t.co/0iumcLRgrb,Sat Jul 28 17:48:44 +0000 2018,0.382,0.394,0.606,0.0,95
"Missouri Boy, 8, Sets Up Lemonade Stand to Benefit Local Police Officers     https://t.co/TDKNq6t4xx",Sat Jul 28 17:43:06 +0000 2018,0.459,0.2,0.8,0.0,96
".@Reince: ""Everyone should at least say this is great news for the country and give the president his due."" https://t.co/B84Ww9eqqf",Sat Jul 28 17:36:00 +0000 2018,0.625,0.177,0.823,0.0,97
"An airplane passes in front of a nearly full moon above Tacoma, Wash. Thursday, July 26, 2018. https://t.co/KKOtcSaLif",Sat Jul 28 17:35:28 +0000 2018,0.0,0.0,1.0,0.0,98
Man accused of murdering New York City nurse may be connected to six other slayings: officials https://t.co/J2tmiYvbMl,Sat Jul 28 17:29:04 +0000 2018,-0.758,0.0,0.698,0.302,99
".@dbongino: ""We don't owe you a dime more, Captain Federal Government, not a dime."" https://t.co/EYQ0nIXxZI",Sat Jul 28 17:18:00 +0000 2018,0.0,0.0,1.0,0.0,100
A renowned musician hated the music played at one of his favorite restaurants. So he convinced the chef to let him‚Ä¶ https://t.co/39uQCEHMti,Sun Jul 29 22:58:06 +0000 2018,0.49,0.283,0.575,0.142,1
"Billy Joel recently celebrated his 100th show at Madison Square Garden. ‚ÄúI keep getting asked, ‚ÄòWhat‚Äôs the secret o‚Ä¶ https://t.co/OQgP8J0HeB",Sun Jul 29 22:39:39 +0000 2018,0.572,0.163,0.837,0.0,2
The Enthusiast: In Praise of Elizabeth Hardwick https://t.co/npSEdh5Qzt,Sun Jul 29 22:21:33 +0000 2018,0.727,0.504,0.496,0.0,3
Sulzberger recalled telling Trump that newspapers had begun posting armed guards outside their offices because of a‚Ä¶ https://t.co/Tst5bdEx7p,Sun Jul 29 22:16:42 +0000 2018,0.0,0.0,1.0,0.0,4
"MoviePass, the subscription-based movie ticket service, was forced last week to borrow $5 million after it reported‚Ä¶ https://t.co/kilPTotnOl",Sun Jul 29 22:00:09 +0000 2018,-0.459,0.0,0.85,0.15,5
"Future of MoviePass Is Cast in Doubt After Service Outage, Experts Say https://t.co/QsM1nTT3Pp",Sun Jul 29 21:52:35 +0000 2018,-0.361,0.0,0.828,0.172,6
"With their eyes on blockchain jobs and revenue, small countries and territories are competing to become the go-to d‚Ä¶ https://t.co/0aym75WwUG",Sun Jul 29 21:45:09 +0000 2018,0.0,0.0,1.0,0.0,7
Imran Khan brings more star power and mystique than any recent Pakistani leader and perhaps a better chance to chan‚Ä¶ https://t.co/nlZJZpP7m9,Sun Jul 29 21:30:07 +0000 2018,0.599,0.214,0.786,0.0,8
"Can you remove a color from an entire city? The artist Michael Rakowitz is trying to do so, as a tribute to Tamir R‚Ä¶ https://t.co/15kjmlf3s0",Sun Jul 29 21:15:04 +0000 2018,0.0,0.0,1.0,0.0,9
Sulzberger recalled telling Trump that newspapers had begun posting armed guards outside their offices because of a‚Ä¶ https://t.co/P3nNTZ4AT5,Sun Jul 29 21:10:26 +0000 2018,0.0,0.0,1.0,0.0,10
"‚ÄúWe completely regret what happened,‚Äù a spokesman for the cruise company said, adding the bear was killed in self-d‚Ä¶ https://t.co/EeUlQTw6zJ",Sun Jul 29 21:00:07 +0000 2018,-0.822,0.0,0.691,0.309,11
"In Opinion

Contributing opinion writer Sandeep Jauhar writes, ""No one wants to die prematurely, but when it‚Äôs thei‚Ä¶ https://t.co/2k9K3OePtJ",Sun Jul 29 20:45:08 +0000 2018,-0.468,0.0,0.808,0.192,12
Here are some ideas for what to cook this week https://t.co/64LkFJXrAH,Sun Jul 29 20:30:07 +0000 2018,0.0,0.0,1.0,0.0,13
Living in a lighthouse was a childhood dream for Margaret Winski. Now she plans to write a book about her time livi‚Ä¶ https://t.co/0S72JcFwDr,Sun Jul 29 20:15:05 +0000 2018,0.25,0.095,0.905,0.0,14
"Here are the week‚Äôs top stories, and a look ahead https://t.co/SNuieLVfpi",Sun Jul 29 20:00:13 +0000 2018,0.202,0.167,0.833,0.0,15
@MikeIsaac  https://t.co/7vUC6VzNos,Sun Jul 29 19:54:09 +0000 2018,0.0,0.0,1.0,0.0,16
Want to feel old? Tom Cruise has played Ethan Hunt in the ‚ÄúMission: Impossible‚Äù movie series for 22 years. https://t.co/D5YmYPRwS6,Sun Jul 29 19:45:07 +0000 2018,0.402,0.171,0.829,0.0,17
RT @MarkLandler: Times publisher A.G. Sulzberger told Trump in Oval Office meeting that newspapers were hiring  armed guards because of thr‚Ä¶,Sun Jul 29 19:36:43 +0000 2018,0.0,0.0,1.0,0.0,18
"In Opinion 

Editorial board member Brent Staples writes, ""This betrayal of trust opened a rift between black and w‚Ä¶ https://t.co/hfeT7NGIgR",Sun Jul 29 19:30:08 +0000 2018,-0.296,0.133,0.685,0.181,19
"Amid widespread protests over a power crisis, Iraq‚Äôs prime minister has ordered the suspension of the country‚Äôs ele‚Ä¶ https://t.co/ESI7Bx9EAl",Sun Jul 29 19:15:06 +0000 2018,-0.718,0.0,0.727,0.273,20
"These islands in the South Pacific are disappearing, but their inhabitants are doing everything they can to stay https://t.co/DAPrXjDrOt",Sun Jul 29 14:30:09 +0000 2018,0.0,0.0,1.0,0.0,21
A 60-year-old man fatally shot his father and stepmother in a nursing home in Texas https://t.co/8r0CatQ3E1,Sun Jul 29 14:20:06 +0000 2018,-0.637,0.0,0.756,0.244,22
"Summer thrillers, a parody of smutty novels, a dark family memoir: Here are 10 new books we recommend this week https://t.co/BBboCB4D3F",Sun Jul 29 14:10:03 +0000 2018,0.382,0.175,0.825,0.0,23
"RT @nytimesbusiness: An undeveloped, 157-acre hilltop plot of land is about to go on sale in Los Angeles. The asking price: $1 billion. htt‚Ä¶",Sun Jul 29 13:55:06 +0000 2018,0.0,0.0,1.0,0.0,24
"Some argue that comedy is broken. But Mike Birbiglia, Kate Berlant, Maria Bamford, Sacha Baron Cohen and Hannah Gad‚Ä¶ https://t.co/4qufrZcz7H",Sun Jul 29 13:29:57 +0000 2018,-0.25,0.078,0.756,0.167,25
How to rekindle a friendship that has faded ‚Äî and what to do if things don't go as you hoped https://t.co/IgsEpGPmYL,Sun Jul 29 13:12:06 +0000 2018,0.67,0.244,0.756,0.0,26
"After 18 months of bruising White House conflicts and bitter criticism, Jared Kushner and Ivanka Trump as comfortab‚Ä¶ https://t.co/iWw0brStrR",Sun Jul 29 12:55:01 +0000 2018,-0.807,0.0,0.658,0.342,27
Bush Claimed Power to Override a Torture Ban. What Did Brett Kavanaugh Think About That? https://t.co/DRxTbZslMb,Sun Jul 29 12:54:16 +0000 2018,-0.818,0.0,0.634,0.366,28
"Playlist: The Playlist: Blood Orange‚Äôs Fragile Pop, and 11 More New Songs https://t.co/lRctJ69SZk",Sun Jul 29 12:51:51 +0000 2018,0.0,0.0,1.0,0.0,29
The Trump tax cuts were supposed to mobilize Republican voters and help the party keep the House. But that's not ho‚Ä¶ https://t.co/orKrgFDFyw,Sun Jul 29 12:25:05 +0000 2018,0.273,0.152,0.782,0.066,30
"Ahed Tamimi, Palestinian Teenager Who Slapped Israeli Soldier, Is Released From Jail https://t.co/o7dbNqSpRh",Sun Jul 29 12:09:53 +0000 2018,0.0,0.0,1.0,0.0,31
A Turkish educator in Mongolia was briefly abducted in part of an apparent campaign against allies of an exiled cle‚Ä¶ https://t.co/hAIW2PjrBU,Sun Jul 29 11:56:06 +0000 2018,-0.511,0.0,0.852,0.148,32
How do you take your phone on vacation without it ruining your trip? https://t.co/OKwpeQeV3q,Sun Jul 29 11:41:49 +0000 2018,0.188,0.118,0.882,0.0,33
"‚ÄúIt wasn‚Äôt ‚ÄòI‚Äôm racist and I want to glorify slavery,‚Äô‚Äù one Civil War re-enactor said. ‚ÄúNobody really thought a lot‚Ä¶ https://t.co/cb5sGI9I69",Sun Jul 29 11:25:02 +0000 2018,-0.599,0.179,0.538,0.283,34
Twitter Made Everything a Joke https://t.co/RzPj5Ot54k,Sun Jul 29 11:08:59 +0000 2018,0.296,0.355,0.645,0.0,35
"RT @NYTStyles: Horse girls may be perceived as privileged, prissy or weird, all for their pursuit of a wholesome hobby. At Breyerfest, they‚Ä¶",Sun Jul 29 10:57:10 +0000 2018,0.296,0.118,0.813,0.069,36
"When police in India arrested 17 men accused of assaulting an 11-year-old girl, there was a wave of public fury. Th‚Ä¶ https://t.co/csbutgP2AG",Sun Jul 29 10:40:03 +0000 2018,-0.906,0.0,0.58,0.42,37
Field Notes: And Nobody Noticed It Was a Fake Cake https://t.co/ksGwVaEXT4,Sun Jul 29 10:23:42 +0000 2018,-0.477,0.0,0.744,0.256,38
China built a $50 million space mission control station in Argentina. It's a striking symbol of its  push to transf‚Ä¶ https://t.co/IAtblI36as,Sun Jul 29 10:10:03 +0000 2018,0.0,0.0,1.0,0.0,39
Michael Rapaport has long been known for speaking his mind ... and stirring controversy along the way. But now he‚Äôs‚Ä¶ https://t.co/ngy8RNpkab,Sun Jul 29 09:50:58 +0000 2018,0.0,0.0,1.0,0.0,40
The Ethicist: Should I Forgo Gay Sex to Donate Blood? https://t.co/iOlpWtRHqR,Sat Jul 28 23:08:49 +0000 2018,0.0,0.0,1.0,0.0,41
"A woman and 2 of her great-grandchildren died in the Carr Fire, the family said. https://t.co/Ssu7B2E6gA",Sat Jul 28 22:53:01 +0000 2018,-0.718,0.0,0.667,0.333,42
"RT @nytopinion: ""My voice evoked rage and disgust from my peers,"" writes @guybranum. ""I kept it hidden and tried to fit into a role that di‚Ä¶",Sat Jul 28 22:43:05 +0000 2018,-0.718,0.078,0.688,0.234,43
"Woman and Two of Her Great-Grandchildren Die in Carr Fire, Family Says https://t.co/J5hlULtruX",Sat Jul 28 22:34:02 +0000 2018,-0.743,0.0,0.636,0.364,44
"Corner Office: Dan Schulman of PayPal on Guns, Cash and Getting Punched https://t.co/h9ZVetXBRF",Sat Jul 28 22:31:40 +0000 2018,0.0,0.0,1.0,0.0,45
"RT @nytimesbooks: Sean Spicer details his many regrets in a new book, and interviewers on his publicity tour are grilling him https://t.co/‚Ä¶",Sat Jul 28 22:20:03 +0000 2018,-0.361,0.0,0.889,0.111,46
"RT @NYTNational: The bus station in McAllen, Tex., has become America's new Ellis Island. See it for yourself here https://t.co/W99S63AZDG‚Ä¶",Sat Jul 28 22:02:02 +0000 2018,0.0,0.0,1.0,0.0,47
Encounters: Tituss Burgess Gets Schooled on David Bowie https://t.co/6bpN1vh6hS,Sat Jul 28 21:56:11 +0000 2018,0.0,0.0,1.0,0.0,48
"RT @nytimesmusic: Santigold has taken on a 21st-century agenda: autonomy, eccentricity, fun, sensuality, iconoclasm and critiques of power,‚Ä¶",Sat Jul 28 21:52:03 +0000 2018,0.511,0.171,0.829,0.0,49
The Ethicist: Should a man forgo gay sex so he can donate blood? https://t.co/LHYhIqSrDx,Sat Jul 28 21:42:05 +0000 2018,0.0,0.0,1.0,0.0,50
"Truck drivers have tended to be older white men. Now there's a driver shortage, so companies are trying to recruit‚Ä¶ https://t.co/PezK8CAEpl",Sat Jul 28 21:22:05 +0000 2018,-0.25,0.0,0.905,0.095,51
"‚ÄúThey spit when I walked in the street,‚Äù she said, describing reactions when she wore a Star of David https://t.co/fQXX7ErMF2",Sat Jul 28 21:12:03 +0000 2018,0.0,0.0,1.0,0.0,52
"RT @NYTScience: The lunar eclipse on Friday captivated people around the world, but in ancient times a moon tinged deep red was the last th‚Ä¶",Sat Jul 28 21:02:02 +0000 2018,0.202,0.073,0.927,0.0,53
"Pope Francis accepted the resignation of Cardinal Theodore McCarrick, a former U.S. archbishop who is at the center‚Ä¶ https://t.co/5Cg1xpsoII",Sat Jul 28 20:52:05 +0000 2018,-0.026,0.103,0.788,0.108,54
"""Until I was 35, the most significant relationship I‚Äôd had as an adult was with an iguana.

It wasn‚Äôt easy to meet‚Ä¶ https://t.co/e41fsOnk9y",Sat Jul 28 20:42:04 +0000 2018,0.612,0.2,0.8,0.0,55
RT @nytimesworld: ‚ÄúThere has been an abdication‚Äù of leadership by the United States in Latin America. And China has stepped in with a far-r‚Ä¶,Sat Jul 28 20:32:05 +0000 2018,0.422,0.113,0.887,0.0,56
"In @nytopinion,

Op-Ed columnist @FrankBruni writes: ""There are problems with impeaching Donald Trump. A big one is‚Ä¶ https://t.co/wshwJu50dV",Sat Jul 28 20:22:06 +0000 2018,-0.402,0.0,0.856,0.144,57
"RT @migold: This is a story about 2 transgender people who joined OkCupid and expected nothing. 

Now they're married. https://t.co/TUG3K1s‚Ä¶",Sat Jul 28 20:13:33 +0000 2018,0.0,0.0,1.0,0.0,58
"He pulled off what looked like an unprecedented move on a surfboard. Soon after, the royalty of surfing, skateboard‚Ä¶ https://t.co/RaYcXeUCD5",Sat Jul 28 20:12:01 +0000 2018,0.361,0.122,0.878,0.0,59
"With Goop, Gwyneth Paltrow just wanted you to have what she had: the $795 G. Label trench coat and the $1,505 Beton‚Ä¶ https://t.co/LEQAv7UtO4",Sat Jul 28 20:02:06 +0000 2018,0.0,0.0,1.0,0.0,60
Phys Ed: Exercise Makes the Aging Heart More Youthful https://t.co/q2UnB04RwK,Sat Jul 28 08:50:07 +0000 2018,0.38,0.224,0.776,0.0,61
"She was Salvador Dal√≠'s wife, muse, model and publicist. But as a new exhibition in Barcelona shows, there was so m‚Ä¶ https://t.co/MNEGzPChMO",Sat Jul 28 08:46:00 +0000 2018,0.0,0.0,1.0,0.0,62
How did Dr. Seuss come up with the Lorax? https://t.co/BEX2JAnf0b,Sat Jul 28 08:27:36 +0000 2018,0.0,0.0,1.0,0.0,63
"A soccer ball hit his head. He thought he was fine. Then thinking, talking, reading and writing became difficult. D‚Ä¶ https://t.co/J1pWcta3F3",Sat Jul 28 08:08:46 +0000 2018,-0.178,0.081,0.807,0.112,64
New Zealand accused Australia this week of copying its national flag. Take the quiz and see if you can identify the‚Ä¶ https://t.co/Kve5So31ix,Sat Jul 28 07:50:09 +0000 2018,-0.296,0.0,0.905,0.095,65
"RT @nytimesworld: France has a painful history of anti-Semitism. But in recent months, an impassioned and complicated debate has burst into‚Ä¶",Sat Jul 28 07:32:03 +0000 2018,-0.238,0.0,0.907,0.093,66
The $3 billion plan to turn Hoover Dam into a giant battery https://t.co/1xTlBJY2eA,Sat Jul 28 07:05:23 +0000 2018,0.0,0.0,1.0,0.0,67
Woman Gets Five-Year Prison Sentence on Charges of Abducting Her Children https://t.co/xxFeQ2VrA2,Sat Jul 28 06:46:49 +0000 2018,-0.625,0.083,0.573,0.344,68
"""The approaches by Truman and Trump are representative of a larger truth: If you want to know what a president beli‚Ä¶ https://t.co/PoEWV0mqiI",Sat Jul 28 06:44:09 +0000 2018,0.382,0.167,0.833,0.0,69
"Over four years, thousands of victims in the United States lost ""hundreds of millions"" of dollars to a fake IRS pho‚Ä¶ https://t.co/9OzFzblhUx",Sat Jul 28 06:26:13 +0000 2018,-0.599,0.102,0.618,0.28,70
How one great song can totally transform a love scene https://t.co/c5kQ6I6Qrj,Sat Jul 28 06:08:10 +0000 2018,0.862,0.517,0.483,0.0,71
Paleontologists once thought these dinosaurs did not reach East Asia. They were wrong. https://t.co/FlwWeCE0Pa,Sat Jul 28 05:50:28 +0000 2018,-0.49,0.0,0.742,0.258,72
"RT @nytopinion: Around 400 World War II veterans are dying a day, meaning that sometime within this generation, all will be deceased. When‚Ä¶",Sat Jul 28 05:32:03 +0000 2018,-0.599,0.0,0.843,0.157,73
Trump has long wielded Twitter as a weapon. Now the special counsel is investigating his tweets as part of a broad‚Ä¶ https://t.co/1gO09Tc5Pu,Sat Jul 28 05:02:24 +0000 2018,0.128,0.118,0.786,0.096,74
"For many women, particularly those involved in cycling, the ""podium girls"" routine at the Tour de France seems out‚Ä¶ https://t.co/jggVkNdkLQ",Sat Jul 28 04:44:39 +0000 2018,0.0,0.0,1.0,0.0,75
Five Are Dead in Killings Tied to Texas Nursing Home Shooting https://t.co/DRGiVB1PZL,Sat Jul 28 04:26:40 +0000 2018,-0.869,0.0,0.532,0.468,76
"RT @nytimesvows: Joseph Schneier and Allie Brashears, a transgender couple from New York, found love after posting profiles on @okcupid, th‚Ä¶",Sat Jul 28 04:21:05 +0000 2018,0.637,0.181,0.819,0.0,77
Not sure what to do in NYC this weekend? We‚Äôve got you. https://t.co/EGig8KW6yh,Sat Jul 28 03:58:06 +0000 2018,-0.241,0.0,0.859,0.141,78
The Fix: Landscaping for the Not-So-Green Thumb https://t.co/IjBRx1VYcZ,Sat Jul 28 03:40:23 +0000 2018,0.0,0.0,1.0,0.0,79
"In the midst of an affordable housing crisis, Ben Carson has privately told aides that he views the shortage as reg‚Ä¶ https://t.co/v6LdsrKgPx",Sat Jul 28 03:32:04 +0000 2018,-0.727,0.0,0.766,0.234,80
Morning¬†Briefing: Here's what you need to know to start your day https://t.co/YsZwlbY2sB https://t.co/KeJ7F1JKCR,Fri Jul 27 10:12:02 +0000 2018,0.0,0.0,1.0,0.0,81
"Ken Kurson, a Kushner ally, was poised to get a seat on the board of the National Endowment for the Humanities. The‚Ä¶ https://t.co/GghejSAjea",Fri Jul 27 09:45:05 +0000 2018,0.25,0.091,0.909,0.0,82
"RT @nytimesworld: New Zealand has granted victims of domestic violence paid leave from work, in a move that activists say will give people‚Ä¶",Fri Jul 27 09:28:04 +0000 2018,-0.681,0.072,0.652,0.275,83
"In recent weeks, hundreds of Syrian families have suddenly learned that their missing relatives have been registere‚Ä¶ https://t.co/5M6bNUcNlB",Fri Jul 27 09:14:05 +0000 2018,-0.296,0.0,0.885,0.115,84
"The Carr Fire, a rapidly expanding wildfire in Northern California, surged into parts of the city of Redding late T‚Ä¶ https://t.co/1guI9zby2d",Fri Jul 27 09:00:11 +0000 2018,-0.34,0.0,0.888,0.112,85
"RT @nytimesworld: In gripping open letters, more than a dozen Chinese women have come forward with accusations of sexual assault and harass‚Ä¶",Fri Jul 27 08:44:04 +0000 2018,-0.727,0.0,0.757,0.243,86
Robert Mueller is scrutinizing President Trump's tweets and negative statements about Jeff Sessions and James Comey‚Ä¶ https://t.co/DrLHpX94Bv,Fri Jul 27 08:31:05 +0000 2018,-0.572,0.0,0.812,0.188,87
RT @nytimesworld: The leader of the United Nations says it is suffering a severe cash shortage and has appealed to all members to pay their‚Ä¶,Fri Jul 27 08:13:02 +0000 2018,-0.649,0.091,0.615,0.294,88
"In Opinion

Eva Wiseman writes, ""Is 'Love Island' reality television, or is 'Love Island' now shaping reality itsel‚Ä¶ https://t.co/E4PIgW1fec",Fri Jul 27 08:02:01 +0000 2018,0.856,0.331,0.669,0.0,89
Paleontologists once thought these dinosaurs did not reach East Asia. They were wrong. https://t.co/fUYhYPJxe1,Fri Jul 27 07:47:01 +0000 2018,-0.49,0.0,0.742,0.258,90
"Australia's quolls, marsupials the size of squirrels, were eating themselves to death. Saving them would require a‚Ä¶ https://t.co/b4VRgpeOxy",Fri Jul 27 07:32:04 +0000 2018,-0.599,0.0,0.813,0.187,91
RT @nytimesworld: The manager of Ethiopia's ambitious $4 billion dam on the Nile was found dead in his vehicle on Thursday. He had a gunsho‚Ä¶,Fri Jul 27 07:17:04 +0000 2018,-0.296,0.105,0.748,0.146,92
"Why did the dam fail, when did officials know it was failing, and why were some villagers not warned? The deadly fl‚Ä¶ https://t.co/eLB4kaoMYu",Fri Jul 27 07:03:06 +0000 2018,-0.717,0.063,0.699,0.238,93
RT @JackEwingNYT: U.S. and Europe step back from the brink but how long will the truce last? https://t.co/1ZK6ZubwCv,Fri Jul 27 06:32:05 +0000 2018,0.0,0.0,1.0,0.0,94
Germans Are Getting on Twitter. Is That a Good Thing? https://t.co/CzbCYxuwv9,Fri Jul 27 06:14:08 +0000 2018,0.44,0.244,0.756,0.0,95
"For the first time, scientists have found a large, watery lake beneath an ice cap on Mars https://t.co/xnsDEwE05e",Fri Jul 27 06:06:36 +0000 2018,0.0,0.0,1.0,0.0,96
Nutrition scientists have long debated the best diet for optimal health. But now some experts believe that it‚Äôs not‚Ä¶ https://t.co/0RGGz5Q6ns,Fri Jul 27 05:49:00 +0000 2018,0.519,0.195,0.805,0.0,97
"RT @NYTHealth: Recovery from an opioid addiction takes, on average, eight years and four or five tries, according to John Kelly, a research‚Ä¶",Fri Jul 27 05:32:04 +0000 2018,0.0,0.0,1.0,0.0,98
"""Our father‚Äôs girlfriend made us a life-changing offer: She wants to pay off our loans"" https://t.co/9LIr9yPcYS",Fri Jul 27 05:16:42 +0000 2018,-0.103,0.0,0.909,0.091,99
"With Goop, Gwyneth Paltrow just wanted you to have what she had: the $795 G. Label trench coat and the $1,505 Beton‚Ä¶ https://t.co/QUzCzdpBXC",Fri Jul 27 04:59:01 +0000 2018,0.0,0.0,1.0,0.0,100
